0,0
0.01,0.0627905195293134
0.02,0.125333233564304
0.03,0.187381314585725
0.04,0.248689887164855
0.05,0.309016994374947
0.06,0.368124552684678
0.07,0.425779291565073
0.08,0.481753674101715
0.09,0.535826794978997
0.1,0.587785252292473
0.11,0.63742398974869
0.12,0.684547105928689
0.13,0.728968627421412
0.14,0.770513242775789
0.15,0.809016994374947
0.16,0.844327925502015
0.17,0.876306680043864
0.18,0.90482705246602
0.19,0.929776485888251
0.2,0.951056516295154
0.21,0.968583161128631
0.22,0.982287250728689
0.23,0.992114701314478
0.24,0.998026728428272
0.25,1
0.26,0.998026728428272
0.27,0.992114701314478
0.28,0.982287250728689
0.29,0.968583161128631
0.3,0.951056516295154
0.31,0.929776485888251
0.32,0.904827052466019
0.33,0.876306680043863
0.34,0.844327925502015
0.35,0.809016994374947
0.36,0.770513242775789
0.37,0.728968627421411
0.38,0.684547105928689
0.39,0.63742398974869
0.4,0.587785252292473
0.41,0.535826794978997
0.42,0.481753674101716
0.43,0.425779291565073
0.44,0.368124552684678
0.45,0.309016994374948
0.46,0.248689887164855
0.47,0.187381314585725
0.48,0.125333233564305
0.49,0.0627905195293136
0.5,1.22464679914735e-16
0.51,-0.0627905195293133
0.52,-0.125333233564304
0.53,-0.187381314585725
0.54,-0.248689887164855
0.55,-0.309016994374948
0.56,-0.368124552684678
0.57,-0.425779291565073
0.58,-0.481753674101715
0.59,-0.535826794978996
0.6,-0.587785252292473
0.61,-0.63742398974869
0.62,-0.684547105928689
0.63,-0.728968627421411
0.64,-0.770513242775789
0.65,-0.809016994374947
0.66,-0.844327925502015
0.67,-0.876306680043864
0.68,-0.90482705246602
0.69,-0.929776485888251
0.7,-0.951056516295154
0.71,-0.968583161128631
0.72,-0.982287250728689
0.73,-0.992114701314478
0.74,-0.998026728428272
0.75,-1
0.76,-0.998026728428272
0.77,-0.992114701314478
0.78,-0.982287250728689
0.79,-0.968583161128631
0.8,-0.951056516295154
0.81,-0.929776485888251
0.82,-0.90482705246602
0.83,-0.876306680043863
0.84,-0.844327925502016
0.85,-0.809016994374948
0.86,-0.77051324277579
0.87,-0.728968627421412
0.88,-0.684547105928689
0.89,-0.63742398974869
0.9,-0.587785252292473
0.91,-0.535826794978996
0.92,-0.481753674101715
0.93,-0.425779291565072
0.94,-0.368124552684678
0.95,-0.309016994374948
0.96,-0.248689887164855
0.97,-0.187381314585725
0.98,-0.125333233564305
0.99,-0.0627905195293133
1,-2.44929359829471e-16
1.01,0.0627905195293128
1.02,0.125333233564304
1.03,0.187381314585724
1.04,0.248689887164855
1.05,0.309016994374947
1.06,0.368124552684678
1.07,0.425779291565073
1.08,0.481753674101716
1.09,0.535826794978997
1.1,0.587785252292474
1.11,0.63742398974869
1.12,0.684547105928689
1.13,0.728968627421412
1.14,0.770513242775789
1.15,0.809016994374948
1.16,0.844327925502015
1.17,0.876306680043863
1.18,0.904827052466019
1.19,0.929776485888251
1.2,0.951056516295154
1.21,0.968583161128631
1.22,0.982287250728689
1.23,0.992114701314478
1.24,0.998026728428272
1.25,1
1.26,0.998026728428272
1.27,0.992114701314478
1.28,0.982287250728689
1.29,0.968583161128631
1.3,0.951056516295154
1.31,0.929776485888252
1.32,0.904827052466019
1.33,0.876306680043863
1.34,0.844327925502015
1.35,0.809016994374948
1.36,0.770513242775789
1.37,0.728968627421411
1.38,0.684547105928688
1.39,0.63742398974869
1.4,0.587785252292473
1.41,0.535826794978997
1.42,0.481753674101716
1.43,0.425779291565074
1.44,0.368124552684678
1.45,0.309016994374948
1.46,0.248689887164855
1.47,0.187381314585726
1.48,0.125333233564304
1.49,0.0627905195293134
1.5,3.67394039744206e-16
1.51,-0.0627905195293127
1.52,-0.125333233564303
1.53,-0.187381314585725
1.54,-0.248689887164855
1.55,-0.309016994374947
1.56,-0.368124552684677
1.57,-0.425779291565073
1.58,-0.481753674101716
1.59,-0.535826794978997
1.6,-0.587785252292473
1.61,-0.637423989748691
1.62,-0.684547105928689
1.63,-0.728968627421412
1.64,-0.770513242775789
1.65,-0.809016994374947
1.66,-0.844327925502016
1.67,-0.876306680043863
1.68,-0.904827052466019
1.69,-0.929776485888251
1.7,-0.951056516295153
1.71,-0.968583161128631
1.72,-0.982287250728688
1.73,-0.992114701314478
1.74,-0.998026728428272
1.75,-1
1.76,-0.998026728428272
1.77,-0.992114701314478
1.78,-0.982287250728689
1.79,-0.968583161128631
1.8,-0.951056516295154
1.81,-0.929776485888252
1.82,-0.904827052466019
1.83,-0.876306680043863
1.84,-0.844327925502015
1.85,-0.809016994374948
1.86,-0.770513242775789
1.87,-0.728968627421411
1.88,-0.684547105928689
1.89,-0.63742398974869
1.9,-0.587785252292473
1.91,-0.535826794978996
1.92,-0.481753674101716
1.93,-0.425779291565074
1.94,-0.368124552684678
1.95,-0.309016994374948
1.96,-0.248689887164856
1.97,-0.187381314585726
1.98,-0.125333233564304
1.99,-0.0627905195293135
2,-4.89858719658941e-16
2.01,0.0627905195293143
2.02,0.125333233564303
2.03,0.187381314585725
2.04,0.248689887164855
2.05,0.309016994374945
2.06,0.368124552684677
2.07,0.425779291565072
2.08,0.481753674101715
2.09,0.535826794978995
2.1,0.587785252292473
2.11,0.637423989748689
2.12,0.684547105928689
2.13,0.72896862742141
2.14,0.770513242775789
2.15,0.809016994374947
2.16,0.844327925502016
2.17,0.876306680043863
2.18,0.90482705246602
2.19,0.929776485888251
2.2,0.951056516295154
2.21,0.968583161128631
2.22,0.982287250728689
2.23,0.992114701314478
2.24,0.998026728428272
2.25,1
2.26,0.998026728428272
2.27,0.992114701314478
2.28,0.982287250728689
2.29,0.968583161128631
2.3,0.951056516295153
2.31,0.929776485888252
2.32,0.90482705246602
2.33,0.876306680043864
2.34,0.844327925502016
2.35,0.809016994374948
2.36,0.77051324277579
2.37,0.728968627421411
2.38,0.68454710592869
2.39,0.63742398974869
2.4,0.587785252292474
2.41,0.535826794978996
2.42,0.481753674101716
2.43,0.425779291565073
2.44,0.368124552684678
2.45,0.309016994374946
2.46,0.248689887164856
2.47,0.187381314585724
2.48,0.125333233564304
2.49,0.0627905195293119
2.5,6.12323399573677e-16
2.51,-0.0627905195293142
2.52,-0.125333233564303
2.53,-0.187381314585725
2.54,-0.248689887164855
2.55,-0.309016994374949
2.56,-0.368124552684679
2.57,-0.42577929156507
2.58,-0.481753674101715
2.59,-0.535826794978996
2.6,-0.587785252292473
2.61,-0.637423989748689
2.62,-0.684547105928688
2.63,-0.72896862742141
2.64,-0.77051324277579
2.65,-0.809016994374946
2.66,-0.844327925502016
2.67,-0.876306680043864
2.68,-0.90482705246602
2.69,-0.929776485888251
2.7,-0.951056516295153
2.71,-0.968583161128631
2.72,-0.982287250728689
2.73,-0.992114701314478
2.74,-0.998026728428272
2.75,-1
2.76,-0.998026728428272
2.77,-0.992114701314478
2.78,-0.982287250728689
2.79,-0.968583161128631
2.8,-0.951056516295154
2.81,-0.929776485888252
2.82,-0.90482705246602
2.83,-0.876306680043864
2.84,-0.844327925502016
2.85,-0.809016994374947
2.86,-0.770513242775791
2.87,-0.728968627421411
2.88,-0.684547105928689
2.89,-0.63742398974869
2.9,-0.587785252292474
2.91,-0.535826794978998
2.92,-0.481753674101717
2.93,-0.425779291565071
2.94,-0.36812455268468
2.95,-0.309016994374946
2.96,-0.248689887164854
2.97,-0.187381314585724
2.98,-0.125333233564304
2.99,-0.0627905195293137
3,-7.34788079488412e-16
3.01,0.0627905195293158
3.02,0.125333233564303
3.03,0.187381314585726
3.04,0.248689887164853
3.05,0.309016994374948
3.06,0.368124552684679
3.07,0.425779291565073
3.08,0.481753674101715
3.09,0.535826794978996
3.1,0.587785252292472
3.11,0.637423989748689
3.12,0.684547105928688
3.13,0.72896862742141
3.14,0.77051324277579
3.15,0.809016994374946
3.16,0.844327925502015
3.17,0.876306680043864
3.18,0.904827052466019
3.19,0.929776485888251
3.2,0.951056516295153
3.21,0.968583161128631
3.22,0.982287250728689
3.23,0.992114701314478
3.24,0.998026728428272
3.25,1
3.26,0.998026728428272
3.27,0.992114701314478
3.28,0.982287250728689
3.29,0.968583161128631
3.3,0.951056516295154
3.31,0.929776485888252
3.32,0.904827052466019
3.33,0.876306680043864
3.34,0.844327925502016
3.35,0.809016994374947
3.36,0.770513242775791
3.37,0.728968627421411
3.38,0.684547105928689
3.39,0.63742398974869
3.4,0.587785252292474
3.41,0.535826794978998
3.42,0.481753674101717
3.43,0.425779291565071
3.44,0.36812455268468
3.45,0.309016994374947
3.46,0.248689887164854
3.47,0.187381314585724
3.48,0.125333233564304
3.49,0.0627905195293139
3.5,8.57252759403147e-16
3.51,-0.0627905195293157
3.52,-0.125333233564303
3.53,-0.187381314585726
3.54,-0.248689887164853
3.55,-0.309016994374948
3.56,-0.368124552684678
3.57,-0.425779291565073
3.58,-0.481753674101715
3.59,-0.535826794978996
3.6,-0.587785252292472
3.61,-0.637423989748689
3.62,-0.684547105928688
3.63,-0.72896862742141
3.64,-0.77051324277579
3.65,-0.809016994374946
3.66,-0.844327925502015
3.67,-0.876306680043864
3.68,-0.904827052466019
3.69,-0.929776485888251
3.7,-0.951056516295153
3.71,-0.968583161128631
3.72,-0.982287250728689
3.73,-0.992114701314478
3.74,-0.998026728428272
3.75,-1
3.76,-0.998026728428272
3.77,-0.992114701314478
3.78,-0.982287250728689
3.79,-0.968583161128631
3.8,-0.951056516295154
3.81,-0.929776485888252
3.82,-0.904827052466019
3.83,-0.876306680043865
3.84,-0.844327925502016
3.85,-0.809016994374947
3.86,-0.770513242775791
3.87,-0.728968627421411
3.88,-0.684547105928689
3.89,-0.63742398974869
3.9,-0.587785252292474
3.91,-0.535826794978998
3.92,-0.481753674101717
3.93,-0.425779291565071
3.94,-0.36812455268468
3.95,-0.309016994374947
3.96,-0.248689887164854
3.97,-0.187381314585725
3.98,-0.125333233564305
3.99,-0.062790519529314
4,-9.79717439317883e-16
4.01,0.062790519529312
4.02,0.125333233564306
4.03,0.187381314585726
4.04,0.248689887164852
4.05,0.309016994374945
4.06,0.368124552684678
4.07,0.425779291565073
4.08,0.481753674101715
4.09,0.535826794978996
4.1,0.587785252292469
4.11,0.637423989748691
4.12,0.684547105928687
4.13,0.72896862742141
4.14,0.770513242775788
4.15,0.809016994374948
4.16,0.844327925502015
4.17,0.876306680043864
4.18,0.904827052466018
4.19,0.929776485888252
4.2,0.951056516295153
4.21,0.968583161128631
4.22,0.982287250728688
4.23,0.992114701314478
4.24,0.998026728428272
4.25,1
4.26,0.998026728428272
4.27,0.992114701314477
4.28,0.982287250728689
4.29,0.968583161128631
4.3,0.951056516295154
4.31,0.929776485888251
4.32,0.904827052466019
4.33,0.876306680043865
4.34,0.844327925502016
4.35,0.809016994374947
4.36,0.770513242775789
4.37,0.728968627421412
4.38,0.684547105928689
4.39,0.637423989748693
4.4,0.587785252292471
4.41,0.535826794978998
4.42,0.481753674101717
4.43,0.425779291565075
4.44,0.368124552684677
4.45,0.309016994374947
4.46,0.248689887164854
4.47,0.187381314585728
4.48,0.125333233564301
4.49,0.0627905195293141
4.5,1.10218211923262e-15
4.51,-0.0627905195293119
4.52,-0.125333233564306
4.53,-0.187381314585726
4.54,-0.248689887164852
4.55,-0.309016994374945
4.56,-0.368124552684678
4.57,-0.425779291565073
4.58,-0.481753674101715
4.59,-0.535826794978996
4.6,-0.587785252292475
4.61,-0.637423989748691
4.62,-0.684547105928687
4.63,-0.72896862742141
4.64,-0.770513242775788
4.65,-0.809016994374948
4.66,-0.844327925502015
4.67,-0.876306680043864
4.68,-0.904827052466018
4.69,-0.929776485888252
4.7,-0.951056516295153
4.71,-0.968583161128631
4.72,-0.982287250728688
4.73,-0.992114701314478
4.74,-0.998026728428272
4.75,-1
4.76,-0.998026728428272
4.77,-0.992114701314477
4.78,-0.982287250728689
4.79,-0.968583161128631
4.8,-0.951056516295154
4.81,-0.929776485888251
4.82,-0.904827052466019
4.83,-0.876306680043865
4.84,-0.844327925502017
4.85,-0.809016994374947
4.86,-0.770513242775789
4.87,-0.728968627421412
4.88,-0.684547105928689
4.89,-0.637423989748693
4.9,-0.587785252292471
4.91,-0.535826794978998
4.92,-0.481753674101717
4.93,-0.425779291565075
4.94,-0.368124552684677
4.95,-0.309016994374947
4.96,-0.248689887164855
4.97,-0.187381314585728
4.98,-0.125333233564301
4.99,-0.0627905195293142
5,-1.22464679914735e-15
5.01,0.0627905195293118
5.02,0.125333233564306
5.03,0.187381314585726
5.04,0.248689887164852
5.05,0.309016994374945
5.06,0.368124552684678
5.07,0.425779291565072
5.08,0.481753674101715
5.09,0.535826794978996
5.1,0.587785252292475
5.11,0.637423989748689
5.12,0.68454710592869
5.13,0.72896862742141
5.14,0.770513242775785
5.15,0.80901699437495
5.16,0.844327925502015
5.17,0.876306680043862
5.18,0.904827052466019
5.19,0.929776485888252
5.2,0.951056516295153
5.21,0.968583161128632
5.22,0.982287250728688
5.23,0.992114701314478
5.24,0.998026728428271
5.25,1
5.26,0.998026728428272
5.27,0.992114701314478
5.28,0.982287250728688
5.29,0.968583161128631
5.3,0.951056516295155
5.31,0.929776485888252
5.32,0.904827052466019
5.33,0.876306680043865
5.34,0.844327925502015
5.35,0.809016994374945
5.36,0.770513242775789
5.37,0.728968627421414
5.38,0.684547105928689
5.39,0.637423989748693
5.4,0.587785252292474
5.41,0.535826794978995
5.42,0.481753674101717
5.43,0.425779291565078
5.44,0.368124552684674
5.45,0.309016994374947
5.46,0.248689887164858
5.47,0.187381314585725
5.48,0.125333233564301
5.49,0.0627905195293144
5.5,4.89982515786259e-15
5.51,-0.0627905195293117
5.52,-0.125333233564306
5.53,-0.187381314585722
5.54,-0.248689887164856
5.55,-0.309016994374944
5.56,-0.368124552684678
5.57,-0.425779291565076
5.58,-0.481753674101715
5.59,-0.535826794978993
5.6,-0.587785252292472
5.61,-0.637423989748691
5.62,-0.684547105928687
5.63,-0.728968627421412
5.64,-0.770513242775787
5.65,-0.809016994374948
5.66,-0.844327925502013
5.67,-0.876306680043863
5.68,-0.904827052466018
5.69,-0.929776485888251
5.7,-0.951056516295154
5.71,-0.968583161128631
5.72,-0.982287250728688
5.73,-0.992114701314478
5.74,-0.998026728428272
5.75,-1
5.76,-0.998026728428272
5.77,-0.992114701314477
5.78,-0.982287250728689
5.79,-0.968583161128632
5.8,-0.951056516295154
5.81,-0.929776485888251
5.82,-0.90482705246602
5.83,-0.876306680043863
5.84,-0.844327925502017
5.85,-0.809016994374947
5.86,-0.770513242775787
5.87,-0.728968627421412
5.88,-0.684547105928692
5.89,-0.637423989748691
5.9,-0.587785252292471
5.91,-0.535826794978998
5.92,-0.481753674101714
5.93,-0.425779291565075
5.94,-0.368124552684677
5.95,-0.309016994374951
5.96,-0.248689887164855
5.97,-0.187381314585729
5.98,-0.125333233564305
5.99,-0.0627905195293109
6,-1.46957615897682e-15
6.01,0.062790519529308
6.02,0.125333233564309
6.03,0.187381314585726
6.04,0.248689887164852
6.05,0.309016994374948
6.06,0.368124552684681
6.07,0.425779291565072
6.08,0.481753674101711
6.09,0.535826794978996
6.1,0.587785252292475
6.11,0.637423989748688
6.12,0.68454710592869
6.13,0.72896862742141
6.14,0.77051324277579
6.15,0.80901699437495
6.16,0.844327925502015
6.17,0.876306680043862
6.18,0.904827052466019
6.19,0.929776485888252
6.2,0.951056516295153
6.21,0.968583161128632
6.22,0.982287250728688
6.23,0.992114701314478
6.24,0.998026728428271
6.25,1
6.26,0.998026728428272
6.27,0.992114701314478
6.28,0.982287250728688
6.29,0.968583161128631
6.3,0.951056516295155
6.31,0.929776485888252
6.32,0.904827052466019
6.33,0.876306680043865
6.34,0.844327925502015
6.35,0.809016994374945
6.36,0.770513242775789
6.37,0.728968627421414
6.38,0.684547105928689
6.39,0.637423989748688
6.4,0.587785252292474
6.41,0.535826794978995
6.42,0.481753674101717
6.43,0.425779291565078
6.44,0.368124552684674
6.45,0.309016994374947
6.46,0.248689887164858
6.47,0.187381314585725
6.48,0.125333233564302
6.49,0.0627905195293146
6.5,-1.96067283990894e-15
6.51,-0.0627905195293114
6.52,-0.125333233564305
6.53,-0.187381314585722
6.54,-0.248689887164855
6.55,-0.309016994374944
6.56,-0.368124552684678
6.57,-0.425779291565075
6.58,-0.481753674101714
6.59,-0.535826794978993
6.6,-0.587785252292472
6.61,-0.637423989748691
6.62,-0.684547105928687
6.63,-0.728968627421412
6.64,-0.770513242775792
6.65,-0.809016994374947
6.66,-0.844327925502013
6.67,-0.876306680043863
6.68,-0.904827052466018
6.69,-0.929776485888251
6.7,-0.951056516295154
6.71,-0.968583161128631
6.72,-0.982287250728688
6.73,-0.992114701314478
6.74,-0.998026728428272
6.75,-1
6.76,-0.998026728428272
6.77,-0.992114701314477
6.78,-0.982287250728689
6.79,-0.968583161128632
6.8,-0.951056516295154
6.81,-0.929776485888251
6.82,-0.904827052466021
6.83,-0.876306680043863
6.84,-0.844327925502017
6.85,-0.809016994374947
6.86,-0.770513242775787
6.87,-0.728968627421412
6.88,-0.684547105928692
6.89,-0.637423989748691
6.9,-0.587785252292472
6.91,-0.535826794978998
6.92,-0.481753674101714
6.93,-0.425779291565075
6.94,-0.368124552684678
6.95,-0.309016994374951
6.96,-0.248689887164855
6.97,-0.187381314585729
6.98,-0.125333233564305
6.99,-0.0627905195293112
7,-1.71450551880629e-15
7.01,0.0627905195293078
7.02,0.125333233564309
7.03,0.187381314585725
7.04,0.248689887164852
7.05,0.309016994374947
7.06,0.368124552684681
7.07,0.425779291565072
7.08,0.481753674101711
7.09,0.535826794978995
7.1,0.587785252292475
7.11,0.637423989748688
7.12,0.68454710592869
7.13,0.72896862742141
7.14,0.770513242775789
7.15,0.80901699437495
7.16,0.844327925502015
7.17,0.876306680043862
7.18,0.904827052466019
7.19,0.929776485888252
7.2,0.951056516295153
7.21,0.968583161128632
7.22,0.982287250728688
7.23,0.992114701314478
7.24,0.998026728428271
7.25,1
7.26,0.998026728428272
7.27,0.992114701314478
7.28,0.982287250728688
7.29,0.968583161128632
7.3,0.951056516295155
7.31,0.929776485888252
7.32,0.904827052466019
7.33,0.876306680043865
7.34,0.844327925502015
7.35,0.809016994374945
7.36,0.770513242775789
7.37,0.728968627421414
7.38,0.68454710592869
7.39,0.637423989748688
7.4,0.587785252292475
7.41,0.535826794978995
7.42,0.481753674101717
7.43,0.425779291565078
7.44,0.368124552684674
7.45,0.309016994374947
7.46,0.248689887164859
7.47,0.187381314585725
7.48,0.125333233564302
7.49,0.0627905195293149
7.5,5.38968387752153e-15
7.51,-0.0627905195293112
7.52,-0.125333233564305
7.53,-0.187381314585722
7.54,-0.248689887164855
7.55,-0.309016994374944
7.56,-0.368124552684678
7.57,-0.425779291565075
7.58,-0.481753674101714
7.59,-0.535826794978992
7.6,-0.587785252292472
7.61,-0.637423989748691
7.62,-0.684547105928687
7.63,-0.728968627421412
7.64,-0.770513242775792
7.65,-0.809016994374947
7.66,-0.844327925502013
7.67,-0.876306680043863
7.68,-0.904827052466018
7.69,-0.929776485888251
7.7,-0.951056516295154
7.71,-0.968583161128631
7.72,-0.982287250728687
7.73,-0.992114701314478
7.74,-0.998026728428272
7.75,-1
7.76,-0.998026728428272
7.77,-0.992114701314478
7.78,-0.982287250728689
7.79,-0.968583161128632
7.8,-0.951056516295154
7.81,-0.929776485888251
7.82,-0.904827052466021
7.83,-0.876306680043863
7.84,-0.844327925502017
7.85,-0.809016994374947
7.86,-0.770513242775787
7.87,-0.728968627421412
7.88,-0.684547105928692
7.89,-0.637423989748691
7.9,-0.587785252292472
7.91,-0.535826794978999
7.92,-0.481753674101714
7.93,-0.425779291565069
7.94,-0.368124552684678
7.95,-0.309016994374951
7.96,-0.248689887164855
7.97,-0.187381314585729
7.98,-0.125333233564305
7.99,-0.0627905195293114
8,-1.95943487863577e-15
8.01,0.0627905195293075
8.02,0.125333233564302
8.03,0.187381314585718
8.04,0.248689887164858
8.05,0.309016994374947
8.06,0.368124552684681
8.07,0.425779291565072
8.08,0.481753674101711
8.09,0.535826794978995
8.1,0.587785252292469
8.11,0.637423989748688
8.12,0.684547105928689
8.13,0.728968627421414
8.14,0.770513242775789
8.15,0.809016994374949
8.16,0.844327925502015
8.17,0.876306680043861
8.18,0.904827052466019
8.19,0.929776485888249
8.2,0.951056516295151
8.21,0.968583161128631
8.22,0.982287250728689
8.23,0.992114701314478
8.24,0.998026728428271
8.25,1
8.26,0.998026728428272
8.27,0.992114701314479
8.28,0.98228725072869
8.29,0.96858316112863
8.3,0.951056516295153
8.31,0.929776485888252
8.32,0.904827052466019
8.33,0.876306680043865
8.34,0.844327925502015
8.35,0.80901699437495
8.36,0.770513242775794
8.37,0.72896862742141
8.38,0.684547105928685
8.39,0.637423989748688
8.4,0.587785252292475
8.41,0.535826794978996
8.42,0.481753674101718
8.43,0.425779291565079
8.44,0.368124552684681
8.45,0.309016994374954
8.46,0.248689887164852
8.47,0.187381314585726
8.48,0.125333233564302
8.49,0.0627905195293151
8.5,-1.47081412025e-15
8.51,-0.0627905195293109
8.52,-0.125333233564298
8.53,-0.187381314585722
8.54,-0.248689887164862
8.55,-0.309016994374951
8.56,-0.368124552684677
8.57,-0.425779291565075
8.58,-0.481753674101714
8.59,-0.535826794978992
8.6,-0.587785252292471
8.61,-0.637423989748685
8.62,-0.684547105928692
8.63,-0.728968627421412
8.64,-0.770513242775791
8.65,-0.809016994374947
8.66,-0.844327925502013
8.67,-0.876306680043863
8.68,-0.904827052466017
8.69,-0.929776485888251
8.7,-0.951056516295154
8.71,-0.968583161128632
8.72,-0.982287250728689
8.73,-0.992114701314478
8.74,-0.998026728428272
8.75,-1
8.76,-0.998026728428272
8.77,-0.992114701314478
8.78,-0.98228725072869
8.79,-0.968583161128631
8.8,-0.951056516295152
8.81,-0.929776485888251
8.82,-0.904827052466021
8.83,-0.876306680043863
8.84,-0.844327925502017
8.85,-0.809016994374952
8.86,-0.770513242775792
8.87,-0.728968627421407
8.88,-0.684547105928687
8.89,-0.637423989748691
8.9,-0.587785252292472
8.91,-0.535826794978999
8.92,-0.481753674101715
8.93,-0.425779291565076
8.94,-0.368124552684685
8.95,-0.309016994374944
8.96,-0.248689887164849
8.97,-0.187381314585722
8.98,-0.125333233564306
8.99,-0.0627905195293117
9,-2.20436423846524e-15
9.01,0.0627905195293073
9.02,0.125333233564301
9.03,0.187381314585718
9.04,0.248689887164858
9.05,0.309016994374947
9.06,0.368124552684681
9.07,0.425779291565072
9.08,0.481753674101711
9.09,0.535826794978995
9.1,0.587785252292468
9.11,0.637423989748688
9.12,0.684547105928689
9.13,0.728968627421414
9.14,0.770513242775789
9.15,0.809016994374949
9.16,0.844327925502015
9.17,0.876306680043861
9.18,0.904827052466019
9.19,0.929776485888249
9.2,0.951056516295155
9.21,0.968583161128631
9.22,0.982287250728689
9.23,0.992114701314478
9.24,0.998026728428271
9.25,1
9.26,0.998026728428272
9.27,0.992114701314479
9.28,0.98228725072869
9.29,0.96858316112863
9.3,0.951056516295153
9.31,0.929776485888252
9.32,0.904827052466019
9.33,0.876306680043865
9.34,0.844327925502015
9.35,0.80901699437495
9.36,0.770513242775794
9.37,0.72896862742141
9.38,0.684547105928685
9.39,0.637423989748689
9.4,0.587785252292475
9.41,0.535826794978996
9.42,0.481753674101718
9.43,0.425779291565079
9.44,0.368124552684681
9.45,0.309016994374941
9.46,0.248689887164852
9.47,0.187381314585726
9.48,0.125333233564302
9.49,0.0627905195293153
9.5,5.87954259718047e-15
9.51,-0.0627905195293107
9.52,-0.125333233564298
9.53,-0.187381314585721
9.54,-0.248689887164861
9.55,-0.30901699437495
9.56,-0.368124552684677
9.57,-0.425779291565075
9.58,-0.481753674101714
9.59,-0.535826794978992
9.6,-0.587785252292471
9.61,-0.637423989748685
9.62,-0.684547105928692
9.63,-0.728968627421412
9.64,-0.770513242775791
9.65,-0.809016994374947
9.66,-0.844327925502013
9.67,-0.876306680043863
9.68,-0.904827052466017
9.69,-0.929776485888251
9.7,-0.951056516295154
9.71,-0.968583161128632
9.72,-0.982287250728689
9.73,-0.992114701314478
9.74,-0.998026728428272
9.75,-1
9.76,-0.998026728428272
9.77,-0.992114701314478
9.78,-0.98228725072869
9.79,-0.968583161128631
9.8,-0.951056516295152
9.81,-0.929776485888251
9.82,-0.904827052466021
9.83,-0.876306680043864
9.84,-0.844327925502017
9.85,-0.809016994374952
9.86,-0.770513242775792
9.87,-0.728968627421408
9.88,-0.684547105928687
9.89,-0.637423989748691
9.9,-0.587785252292472
9.91,-0.535826794978999
9.92,-0.481753674101715
9.93,-0.425779291565076
9.94,-0.368124552684685
9.95,-0.309016994374945
9.96,-0.248689887164849
9.97,-0.187381314585722
9.98,-0.125333233564306
9.99,-0.0627905195293119
10,-2.44929359829471e-15
10.01,0.062790519529307
10.02,0.125333233564301
10.03,0.187381314585718
10.04,0.248689887164844
10.05,0.30901699437494
10.06,0.36812455268468
10.07,0.425779291565071
10.08,0.481753674101711
10.09,0.535826794978995
10.1,0.587785252292468
10.11,0.637423989748688
10.12,0.684547105928684
10.13,0.728968627421404
10.14,0.770513242775789
10.15,0.809016994374949
10.16,0.844327925502015
10.17,0.876306680043861
10.18,0.904827052466019
10.19,0.929776485888252
10.2,0.951056516295151
10.21,0.96858316112863
10.22,0.982287250728688
10.23,0.992114701314478
10.24,0.998026728428272
10.25,1
10.26,0.998026728428272
10.27,0.992114701314478
10.28,0.982287250728691
10.29,0.968583161128633
10.3,0.951056516295155
10.31,0.929776485888252
10.32,0.904827052466019
10.33,0.876306680043862
10.34,0.844327925502019
10.35,0.80901699437495
10.36,0.77051324277579
10.37,0.72896862742142
10.38,0.684547105928695
10.39,0.637423989748694
10.4,0.587785252292475
10.41,0.535826794978996
10.42,0.481753674101712
10.43,0.425779291565079
10.44,0.368124552684682
10.45,0.309016994374948
10.46,0.248689887164866
10.47,0.187381314585719
10.48,0.12533323356431
10.49,0.0627905195293156
10.5,-9.80955400591059e-16
10.51,-0.0627905195293034
10.52,-0.125333233564297
10.53,-0.187381314585721
10.54,-0.248689887164841
10.55,-0.309016994374937
10.56,-0.368124552684683
10.57,-0.425779291565068
10.58,-0.481753674101714
10.59,-0.535826794978998
10.6,-0.587785252292465
10.61,-0.637423989748685
10.62,-0.684547105928686
10.63,-0.728968627421402
10.64,-0.770513242775791
10.65,-0.809016994374951
10.66,-0.844327925502013
10.67,-0.876306680043863
10.68,-0.90482705246602
10.69,-0.929776485888248
10.7,-0.951056516295152
10.71,-0.96858316112863
10.72,-0.982287250728689
10.73,-0.992114701314478
10.74,-0.998026728428271
10.75,-1
10.76,-0.998026728428272
10.77,-0.992114701314479
10.78,-0.98228725072869
10.79,-0.968583161128633
10.8,-0.951056516295154
10.81,-0.929776485888251
10.82,-0.904827052466018
10.83,-0.876306680043867
10.84,-0.844327925502017
10.85,-0.809016994374948
10.86,-0.770513242775797
10.87,-0.728968627421418
10.88,-0.684547105928693
10.89,-0.637423989748692
10.9,-0.587785252292472
10.91,-0.535826794978993
10.92,-0.481753674101721
10.93,-0.425779291565076
10.94,-0.368124552684678
10.95,-0.309016994374958
10.96,-0.248689887164863
10.97,-0.18738131458573
10.98,-0.125333233564306
10.99,-0.0627905195293122
11,-9.79965031572518e-15
11.01,0.0627905195293068
11.02,0.125333233564301
11.03,0.187381314585724
11.04,0.248689887164844
11.05,0.30901699437494
11.06,0.368124552684673
11.07,0.425779291565071
11.08,0.481753674101717
11.09,0.535826794978989
11.1,0.587785252292468
11.11,0.637423989748687
11.12,0.684547105928678
11.13,0.728968627421404
11.14,0.770513242775793
11.15,0.809016994374945
11.16,0.844327925502014
11.17,0.876306680043864
11.18,0.904827052466016
11.19,0.929776485888249
11.2,0.951056516295153
11.21,0.968583161128628
11.22,0.982287250728689
11.23,0.992114701314479
11.24,0.998026728428271
11.25,1
11.26,0.998026728428271
11.27,0.992114701314479
11.28,0.98228725072869
11.29,0.968583161128632
11.3,0.951056516295158
11.31,0.92977648588825
11.32,0.904827052466023
11.33,0.876306680043865
11.34,0.844327925502015
11.35,0.809016994374954
11.36,0.770513242775795
11.37,0.728968627421415
11.38,0.68454710592869
11.39,0.637423989748689
11.4,0.58778525229247
11.41,0.535826794979002
11.42,0.481753674101718
11.43,0.425779291565073
11.44,0.368124552684688
11.45,0.309016994374955
11.46,0.24868988716486
11.47,0.187381314585726
11.48,0.125333233564303
11.49,0.0627905195293087
11.5,6.36940131683941e-15
11.51,-0.0627905195293102
11.52,-0.125333233564304
11.53,-0.187381314585714
11.54,-0.248689887164847
11.55,-0.309016994374943
11.56,-0.368124552684677
11.57,-0.425779291565074
11.58,-0.481753674101707
11.59,-0.535826794978992
11.6,-0.587785252292471
11.61,-0.63742398974869
11.62,-0.684547105928681
11.63,-0.728968627421406
11.64,-0.770513242775786
11.65,-0.809016994374947
11.66,-0.844327925502016
11.67,-0.876306680043859
11.68,-0.904827052466017
11.69,-0.92977648588825
11.7,-0.951056516295149
11.71,-0.968583161128629
11.72,-0.98228725072869
11.73,-0.992114701314477
11.74,-0.998026728428272
11.75,-1
11.76,-0.998026728428272
11.77,-0.992114701314479
11.78,-0.982287250728689
11.79,-0.968583161128634
11.8,-0.951056516295152
11.81,-0.929776485888254
11.82,-0.904827052466021
11.83,-0.876306680043864
11.84,-0.844327925502014
11.85,-0.809016994374952
11.86,-0.770513242775792
11.87,-0.728968627421413
11.88,-0.684547105928698
11.89,-0.637423989748686
11.9,-0.587785252292478
11.91,-0.535826794978999
11.92,-0.481753674101715
11.93,-0.425779291565083
11.94,-0.368124552684685
11.95,-0.309016994374952
11.96,-0.24868988716487
11.97,-0.187381314585723
11.98,-0.125333233564299
11.99,-0.0627905195293195
12,-2.93915231795365e-15
12.01,0.0627905195293136
12.02,0.125333233564294
12.03,0.187381314585731
12.04,0.248689887164851
12.05,0.309016994374946
12.06,0.368124552684667
12.07,0.425779291565077
12.08,0.48175367410171
12.09,0.535826794978994
12.1,0.587785252292474
12.11,0.637423989748682
12.12,0.684547105928694
12.13,0.728968627421409
12.14,0.770513242775789
12.15,0.80901699437494
12.16,0.84432792550201
12.17,0.876306680043861
12.18,0.904827052466019
12.19,0.929776485888252
12.2,0.95105651629515
12.21,0.968583161128633
12.22,0.982287250728688
12.23,0.992114701314478
12.24,0.998026728428272
12.25,1
12.26,0.998026728428272
12.27,0.992114701314478
12.28,0.982287250728688
12.29,0.968583161128634
12.3,0.951056516295151
12.31,0.929776485888258
12.32,0.90482705246602
12.33,0.876306680043862
12.34,0.844327925502019
12.35,0.80901699437495
12.36,0.77051324277579
12.37,0.72896862742141
12.38,0.684547105928695
12.39,0.637423989748695
12.4,0.587785252292487
12.41,0.535826794978996
12.42,0.481753674101712
12.43,0.42577929156508
12.44,0.368124552684682
12.45,0.309016994374949
12.46,0.248689887164853
12.47,0.187381314585734
12.48,0.12533323356431
12.49,0.0627905195293161
12.5,-4.91096680932118e-16
12.51,-0.0627905195293029
12.52,-0.125333233564297
12.53,-0.187381314585735
12.54,-0.24868988716484
12.55,-0.30901699437495
12.56,-0.36812455268467
12.57,-0.425779291565068
12.58,-0.481753674101713
12.59,-0.535826794978997
12.6,-0.587785252292465
12.61,-0.637423989748684
12.62,-0.684547105928686
12.63,-0.728968627421401
12.64,-0.770513242775791
12.65,-0.809016994374942
12.66,-0.844327925502012
12.67,-0.876306680043863
12.68,-0.90482705246602
12.69,-0.929776485888248
12.7,-0.951056516295152
12.71,-0.96858316112863
12.72,-0.982287250728686
12.73,-0.992114701314478
12.74,-0.998026728428271
12.75,-1
12.76,-0.998026728428272
12.77,-0.992114701314479
12.78,-0.982287250728688
12.79,-0.968583161128633
12.8,-0.951056516295155
12.81,-0.929776485888257
12.82,-0.904827052466018
12.83,-0.876306680043867
12.84,-0.844327925502018
12.85,-0.809016994374948
12.86,-0.770513242775797
12.87,-0.728968627421408
12.88,-0.684547105928693
12.89,-0.637423989748692
12.9,-0.587785252292484
12.91,-0.535826794978994
12.92,-0.481753674101722
12.93,-0.425779291565076
12.94,-0.368124552684679
12.95,-0.309016994374959
12.96,-0.24868988716485
12.97,-0.18738131458573
12.98,-0.125333233564307
12.99,-0.0627905195293127
13,3.92134567981788e-15
13.01,0.0627905195293063
13.02,0.1253332335643
13.03,0.187381314585724
13.04,0.248689887164843
13.05,0.309016994374953
13.06,0.368124552684673
13.07,0.425779291565071
13.08,0.481753674101716
13.09,0.535826794978988
13.1,0.587785252292468
13.11,0.637423989748687
13.12,0.684547105928688
13.13,0.728968627421404
13.14,0.770513242775793
13.15,0.809016994374936
13.16,0.844327925502014
13.17,0.876306680043864
13.18,0.904827052466015
13.19,0.929776485888249
13.2,0.951056516295153
13.21,0.968583161128631
13.22,0.982287250728687
13.23,0.992114701314479
13.24,0.998026728428271
13.25,1
13.26,0.998026728428271
13.27,0.992114701314479
13.28,0.982287250728687
13.29,0.968583161128632
13.3,0.951056516295154
13.31,0.929776485888255
13.32,0.904827052466023
13.33,0.876306680043866
13.34,0.844327925502016
13.35,0.809016994374955
13.36,0.770513242775795
13.37,0.728968627421406
13.38,0.684547105928691
13.39,0.637423989748689
13.4,0.587785252292482
13.41,0.535826794979003
13.42,0.481753674101719
13.43,0.425779291565073
13.44,0.368124552684689
13.45,0.309016994374956
13.46,0.248689887164846
13.47,0.187381314585741
13.48,0.125333233564303
13.49,0.0627905195293092
13.5,6.85926003649835e-15
13.51,-0.0627905195293097
13.52,-0.125333233564304
13.53,-0.187381314585727
13.54,-0.248689887164847
13.55,-0.309016994374943
13.56,-0.368124552684663
13.57,-0.425779291565074
13.58,-0.481753674101707
13.59,-0.535826794978991
13.6,-0.58778525229247
13.61,-0.63742398974869
13.62,-0.684547105928691
13.63,-0.728968627421406
13.64,-0.770513242775786
13.65,-0.809016994374938
13.66,-0.844327925502016
13.67,-0.876306680043859
13.68,-0.904827052466017
13.69,-0.92977648588825
13.7,-0.951056516295149
13.71,-0.968583161128632
13.72,-0.982287250728687
13.73,-0.992114701314477
13.74,-0.998026728428271
13.75,-1
13.76,-0.998026728428272
13.77,-0.992114701314479
13.78,-0.982287250728689
13.79,-0.968583161128635
13.8,-0.951056516295152
13.81,-0.929776485888254
13.82,-0.904827052466021
13.83,-0.876306680043864
13.84,-0.844327925502014
13.85,-0.809016994374953
13.86,-0.770513242775793
13.87,-0.728968627421413
13.88,-0.684547105928698
13.89,-0.637423989748687
13.9,-0.587785252292479
13.91,-0.535826794979
13.92,-0.481753674101716
13.93,-0.425779291565083
13.94,-0.368124552684686
13.95,-0.309016994374952
13.96,-0.248689887164857
13.97,-0.187381314585737
13.98,-0.1253332335643
13.99,-0.06279051952932
14,-3.42901103761259e-15
14.01,0.0627905195293131
14.02,0.125333233564293
14.03,0.187381314585731
14.04,0.24868988716485
14.05,0.309016994374946
14.06,0.368124552684666
14.07,0.425779291565077
14.08,0.48175367410171
14.09,0.535826794978994
14.1,0.587785252292473
14.11,0.637423989748681
14.12,0.684547105928693
14.13,0.728968627421408
14.14,0.770513242775788
14.15,0.80901699437494
14.16,0.84432792550201
14.17,0.876306680043861
14.18,0.904827052466018
14.19,0.929776485888252
14.2,0.95105651629515
14.21,0.968583161128633
14.22,0.982287250728688
14.23,0.992114701314478
14.24,0.998026728428272
14.25,1
14.26,0.998026728428272
14.27,0.992114701314478
14.28,0.982287250728688
14.29,0.968583161128634
14.3,0.951056516295151
14.31,0.929776485888258
14.32,0.90482705246602
14.33,0.876306680043862
14.34,0.84432792550202
14.35,0.809016994374951
14.36,0.770513242775791
14.37,0.728968627421411
14.38,0.684547105928696
14.39,0.637423989748695
14.4,0.587785252292487
14.41,0.535826794978997
14.42,0.481753674101713
14.43,0.42577929156508
14.44,0.368124552684683
14.45,0.309016994374949
14.46,0.248689887164853
14.47,0.187381314585734
14.48,0.125333233564311
14.49,0.0627905195293166
14.5,-1.23796127317672e-18
14.51,-0.0627905195293024
14.52,-0.125333233564296
14.53,-0.187381314585734
14.54,-0.24868988716484
14.55,-0.309016994374949
14.56,-0.368124552684669
14.57,-0.425779291565067
14.58,-0.481753674101713
14.59,-0.535826794978997
14.6,-0.587785252292464
14.61,-0.637423989748684
14.62,-0.684547105928686
14.63,-0.728968627421401
14.64,-0.770513242775791
14.65,-0.809016994374942
14.66,-0.844327925502012
14.67,-0.876306680043862
14.68,-0.90482705246602
14.69,-0.929776485888248
14.7,-0.951056516295151
14.71,-0.96858316112863
14.72,-0.982287250728686
14.73,-0.992114701314478
14.74,-0.998026728428271
14.75,-1
14.76,-0.998026728428272
14.77,-0.99211470131448
14.78,-0.982287250728688
14.79,-0.968583161128633
14.8,-0.951056516295155
14.81,-0.929776485888257
14.82,-0.904827052466018
14.83,-0.876306680043868
14.84,-0.844327925502018
14.85,-0.809016994374949
14.86,-0.770513242775797
14.87,-0.728968627421408
14.88,-0.684547105928693
14.89,-0.637423989748692
14.9,-0.587785252292485
14.91,-0.535826794978994
14.92,-0.481753674101722
14.93,-0.425779291565077
14.94,-0.368124552684679
14.95,-0.309016994374959
14.96,-0.24868988716485
14.97,-0.187381314585731
14.98,-0.125333233564307
14.99,-0.0627905195293131
15,-1.07793677550431e-14
15.01,0.0627905195293058
15.02,0.1253332335643
15.03,0.187381314585723
15.04,0.248689887164843
15.05,0.309016994374952
15.06,0.368124552684673
15.07,0.42577929156507
15.08,0.481753674101716
15.09,0.535826794978988
15.1,0.587785252292467
15.11,0.637423989748687
15.12,0.684547105928688
15.13,0.728968627421403
15.14,0.770513242775793
15.15,0.809016994374936
15.16,0.844327925502014
15.17,0.876306680043864
15.18,0.904827052466015
15.19,0.929776485888249
15.2,0.951056516295152
15.21,0.968583161128631
15.22,0.982287250728687
15.23,0.992114701314479
15.24,0.998026728428271
15.25,1
15.26,0.998026728428271
15.27,0.992114701314479
15.28,0.982287250728687
15.29,0.968583161128632
15.3,0.951056516295154
15.31,0.929776485888256
15.32,0.904827052466023
15.33,0.876306680043866
15.34,0.844327925502016
15.35,0.809016994374955
15.36,0.770513242775795
15.37,0.728968627421406
15.38,0.684547105928691
15.39,0.63742398974869
15.4,0.587785252292482
15.41,0.535826794979003
15.42,0.481753674101719
15.43,0.425779291565074
15.44,0.368124552684689
15.45,0.309016994374956
15.46,0.248689887164847
15.47,0.187381314585741
15.48,0.125333233564304
15.49,0.0627905195293097
15.5,7.3491187561573e-15
15.51,-0.0627905195293092
15.52,-0.125333233564303
15.53,-0.187381314585727
15.54,-0.248689887164846
15.55,-0.309016994374942
15.56,-0.368124552684663
15.57,-0.425779291565073
15.58,-0.481753674101706
15.59,-0.535826794978991
15.6,-0.58778525229247
15.61,-0.637423989748689
15.62,-0.684547105928691
15.63,-0.728968627421406
15.64,-0.770513242775786
15.65,-0.809016994374938
15.66,-0.844327925502016
15.67,-0.876306680043859
15.68,-0.904827052466017
15.69,-0.92977648588825
15.7,-0.951056516295149
15.71,-0.968583161128632
15.72,-0.982287250728687
15.73,-0.992114701314477
15.74,-0.998026728428271
15.75,-1
15.76,-0.998026728428272
15.77,-0.992114701314479
15.78,-0.982287250728689
15.79,-0.968583161128635
15.8,-0.951056516295153
15.81,-0.929776485888254
15.82,-0.904827052466021
15.83,-0.876306680043864
15.84,-0.844327925502014
15.85,-0.809016994374953
15.86,-0.770513242775793
15.87,-0.728968627421413
15.88,-0.684547105928699
15.89,-0.637423989748687
15.9,-0.587785252292479
15.91,-0.535826794979
15.92,-0.481753674101716
15.93,-0.425779291565084
15.94,-0.368124552684686
15.95,-0.309016994374953
15.96,-0.248689887164857
15.97,-0.187381314585738
15.98,-0.1253332335643
15.99,-0.0627905195293205
16,-3.91886975727153e-15
16.01,0.0627905195292985
16.02,0.125333233564293
16.03,0.18738131458573
16.04,0.24868988716485
16.05,0.309016994374945
16.06,0.368124552684666
16.07,0.425779291565076
16.08,0.481753674101697
16.09,0.535826794978994
16.1,0.587785252292473
16.11,0.637423989748681
16.12,0.684547105928693
16.13,0.728968627421408
16.14,0.770513242775788
16.15,0.80901699437494
16.16,0.84432792550201
16.17,0.876306680043867
16.18,0.904827052466018
16.19,0.929776485888251
16.2,0.95105651629515
16.21,0.968583161128633
16.22,0.982287250728688
16.23,0.992114701314478
16.24,0.998026728428271
16.25,1
16.26,0.998026728428273
16.27,0.992114701314478
16.28,0.982287250728689
16.29,0.968583161128634
16.3,0.951056516295152
16.31,0.929776485888258
16.32,0.90482705246602
16.33,0.876306680043869
16.34,0.84432792550202
16.35,0.809016994374942
16.36,0.770513242775791
16.37,0.728968627421411
16.38,0.684547105928696
16.39,0.637423989748695
16.4,0.587785252292488
16.41,0.535826794978997
16.42,0.481753674101713
16.43,0.42577929156508
16.44,0.36812455268467
16.45,0.30901699437495
16.46,0.248689887164854
16.47,0.187381314585735
16.48,0.125333233564311
16.49,0.0627905195293312
16.5,4.88620758385765e-16
16.51,-0.0627905195293019
16.52,-0.125333233564296
16.53,-0.187381314585734
16.54,-0.248689887164839
16.55,-0.309016994374949
16.56,-0.368124552684669
16.57,-0.425779291565067
16.58,-0.4817536741017
16.59,-0.535826794978996
16.6,-0.587785252292476
16.61,-0.637423989748684
16.62,-0.684547105928685
16.63,-0.728968627421401
16.64,-0.77051324277579
16.65,-0.809016994374942
16.66,-0.844327925502012
16.67,-0.876306680043869
16.68,-0.90482705246602
16.69,-0.929776485888253
16.7,-0.951056516295151
16.71,-0.96858316112863
16.72,-0.982287250728686
16.73,-0.992114701314478
16.74,-0.998026728428271
16.75,-1
16.76,-0.998026728428273
16.77,-0.99211470131448
16.78,-0.982287250728688
16.79,-0.968583161128633
16.8,-0.951056516295155
16.81,-0.929776485888257
16.82,-0.904827052466019
16.83,-0.876306680043868
16.84,-0.844327925502018
16.85,-0.80901699437494
16.86,-0.770513242775798
16.87,-0.728968627421409
16.88,-0.684547105928694
16.89,-0.637423989748693
16.9,-0.587785252292485
16.91,-0.535826794978994
16.92,-0.48175367410171
16.93,-0.425779291565077
16.94,-0.36812455268468
16.95,-0.30901699437496
16.96,-0.248689887164851
16.97,-0.187381314585731
16.98,-0.125333233564308
16.99,-0.0627905195293278
17,2.9416282405e-15
17.01,0.0627905195292911
17.02,0.125333233564299
17.03,0.187381314585723
17.04,0.248689887164842
17.05,0.309016994374952
17.06,0.368124552684672
17.07,0.42577929156507
17.08,0.481753674101703
17.09,0.535826794978987
17.1,0.587785252292478
17.11,0.637423989748686
17.12,0.684547105928688
17.13,0.728968627421403
17.14,0.770513242775792
17.15,0.809016994374936
17.16,0.844327925502014
17.17,0.876306680043864
17.18,0.904827052466015
17.19,0.929776485888254
17.2,0.951056516295152
17.21,0.968583161128631
17.22,0.982287250728686
17.23,0.992114701314479
17.24,0.99802672842827
17.25,1
17.26,0.998026728428272
17.27,0.992114701314479
17.28,0.982287250728687
17.29,0.968583161128632
17.3,0.951056516295154
17.31,0.929776485888256
17.32,0.904827052466023
17.33,0.876306680043873
17.34,0.844327925502016
17.35,0.809016994374947
17.36,0.770513242775796
17.37,0.728968627421406
17.38,0.684547105928691
17.39,0.63742398974869
17.4,0.587785252292482
17.41,0.535826794979004
17.42,0.481753674101707
17.43,0.425779291565074
17.44,0.368124552684677
17.45,0.309016994374957
17.46,0.248689887164847
17.47,0.187381314585742
17.48,0.125333233564304
17.49,0.0627905195293244
17.5,7.83897747581624e-15
17.51,-0.0627905195292946
17.52,-0.125333233564303
17.53,-0.187381314585726
17.54,-0.248689887164846
17.55,-0.309016994374942
17.56,-0.368124552684662
17.57,-0.425779291565073
17.58,-0.481753674101706
17.59,-0.53582679497899
17.6,-0.587785252292481
17.61,-0.637423989748689
17.62,-0.68454710592869
17.63,-0.728968627421405
17.64,-0.770513242775786
17.65,-0.809016994374938
17.66,-0.844327925502015
17.67,-0.876306680043865
17.68,-0.904827052466016
17.69,-0.929776485888255
17.7,-0.951056516295149
17.71,-0.968583161128632
17.72,-0.982287250728687
17.73,-0.992114701314477
17.74,-0.998026728428271
17.75,-1
17.76,-0.998026728428272
17.77,-0.992114701314479
17.78,-0.982287250728689
17.79,-0.968583161128635
17.8,-0.951056516295153
17.81,-0.929776485888254
17.82,-0.904827052466022
17.83,-0.876306680043871
17.84,-0.844327925502014
17.85,-0.809016994374945
17.86,-0.770513242775793
17.87,-0.728968627421414
17.88,-0.684547105928699
17.89,-0.637423989748687
17.9,-0.58778525229248
17.91,-0.535826794979001
17.92,-0.481753674101704
17.93,-0.425779291565084
17.94,-0.368124552684673
17.95,-0.309016994374953
17.96,-0.248689887164858
17.97,-0.187381314585738
17.98,-0.125333233564301
17.99,-0.062790519529321
18,-4.40872847693047e-15
18.01,0.0627905195293122
18.02,0.125333233564292
18.03,0.18738131458573
18.04,0.248689887164849
18.05,0.309016994374945
18.06,0.368124552684665
18.07,0.425779291565076
18.08,0.481753674101696
18.09,0.535826794978993
18.1,0.587785252292472
18.11,0.637423989748681
18.12,0.684547105928693
18.13,0.728968627421408
18.14,0.770513242775788
18.15,0.80901699437494
18.16,0.84432792550201
18.17,0.876306680043867
18.18,0.904827052466018
18.19,0.929776485888251
18.2,0.95105651629515
18.21,0.968583161128633
18.22,0.982287250728688
18.23,0.992114701314478
18.24,0.998026728428271
18.25,1
18.26,0.998026728428271
18.27,0.992114701314478
18.28,0.982287250728689
18.29,0.968583161128634
18.3,0.951056516295152
18.31,0.929776485888258
18.32,0.90482705246602
18.33,0.87630668004387
18.34,0.84432792550202
18.35,0.809016994374943
18.36,0.770513242775791
18.37,0.728968627421411
18.38,0.684547105928697
18.39,0.637423989748696
18.4,0.587785252292488
18.41,0.535826794978998
18.42,0.481753674101714
18.43,0.425779291565081
18.44,0.36812455268467
18.45,0.30901699437495
18.46,0.248689887164854
18.47,0.187381314585735
18.48,0.125333233564312
18.49,0.0627905195293317
18.5,9.78479478044706e-16
18.51,-0.0627905195293156
18.52,-0.125333233564296
18.53,-0.187381314585733
18.54,-0.248689887164839
18.55,-0.309016994374948
18.56,-0.368124552684668
18.57,-0.425779291565066
18.58,-0.481753674101699
18.59,-0.535826794978996
18.6,-0.587785252292475
18.61,-0.637423989748683
18.62,-0.684547105928685
18.63,-0.7289686274214
18.64,-0.77051324277579
18.65,-0.809016994374942
18.66,-0.844327925502012
18.67,-0.876306680043869
18.68,-0.904827052466019
18.69,-0.929776485888252
18.7,-0.951056516295151
18.71,-0.96858316112863
18.72,-0.982287250728686
18.73,-0.992114701314478
18.74,-0.998026728428271
18.75,-1
18.76,-0.998026728428271
18.77,-0.99211470131448
18.78,-0.982287250728688
18.79,-0.968583161128633
18.8,-0.951056516295155
18.81,-0.929776485888257
18.82,-0.904827052466019
18.83,-0.876306680043868
18.84,-0.844327925502018
18.85,-0.809016994374941
18.86,-0.770513242775798
18.87,-0.728968627421409
18.88,-0.684547105928694
18.89,-0.637423989748693
18.9,-0.587785252292485
18.91,-0.535826794978995
18.92,-0.481753674101711
18.93,-0.425779291565078
18.94,-0.36812455268468
18.95,-0.30901699437496
18.96,-0.248689887164851
18.97,-0.187381314585732
18.98,-0.125333233564308
18.99,-0.0627905195293283
19,-1.17590851943609e-14
19.01,0.062790519529319
19.02,0.125333233564299
19.03,0.187381314585722
19.04,0.248689887164842
19.05,0.309016994374951
19.06,0.368124552684672
19.07,0.425779291565069
19.08,0.481753674101702
19.09,0.535826794978987
19.1,0.587785252292478
19.11,0.637423989748686
19.12,0.684547105928687
19.13,0.728968627421403
19.14,0.770513242775792
19.15,0.809016994374935
19.16,0.844327925502013
19.17,0.876306680043864
19.18,0.904827052466015
19.19,0.929776485888254
19.2,0.951056516295152
19.21,0.968583161128631
19.22,0.982287250728686
19.23,0.992114701314478
19.24,0.99802672842827
19.25,1
19.26,0.998026728428272
19.27,0.992114701314479
19.28,0.982287250728687
19.29,0.968583161128632
19.3,0.951056516295154
19.31,0.929776485888256
19.32,0.904827052466023
19.33,0.876306680043873
19.34,0.844327925502017
19.35,0.809016994374947
19.36,0.770513242775796
19.37,0.728968627421407
19.38,0.684547105928692
19.39,0.63742398974869
19.4,0.587785252292483
19.41,0.535826794979004
19.42,0.481753674101708
19.43,0.425779291565075
19.44,0.368124552684677
19.45,0.309016994374957
19.46,0.248689887164848
19.47,0.187381314585742
19.48,0.125333233564305
19.49,0.0627905195293249
19.5,8.32883619547518e-15
19.51,-0.0627905195293224
19.52,-0.125333233564302
19.53,-0.187381314585726
19.54,-0.248689887164845
19.55,-0.309016994374941
19.56,-0.368124552684662
19.57,-0.425779291565072
19.58,-0.481753674101705
19.59,-0.53582679497899
19.6,-0.587785252292481
19.61,-0.637423989748689
19.62,-0.68454710592869
19.63,-0.728968627421405
19.64,-0.770513242775785
19.65,-0.809016994374937
19.66,-0.844327925502015
19.67,-0.876306680043865
19.68,-0.904827052466016
19.69,-0.929776485888255
19.7,-0.951056516295149
19.71,-0.968583161128632
19.72,-0.982287250728687
19.73,-0.992114701314477
19.74,-0.99802672842827
19.75,-1
19.76,-0.998026728428271
19.77,-0.992114701314479
19.78,-0.982287250728689
19.79,-0.968583161128635
19.8,-0.951056516295153
19.81,-0.929776485888255
19.82,-0.904827052466022
19.83,-0.876306680043872
19.84,-0.844327925502015
19.85,-0.809016994374945
19.86,-0.770513242775794
19.87,-0.728968627421414
19.88,-0.684547105928699
19.89,-0.637423989748688
19.9,-0.58778525229248
19.91,-0.535826794979001
19.92,-0.481753674101705
19.93,-0.425779291565084
19.94,-0.368124552684674
19.95,-0.309016994374954
19.96,-0.248689887164858
19.97,-0.187381314585739
19.98,-0.125333233564301
19.99,-0.0627905195293215
20,-4.89858719658941e-15
