0,-1.07940001031577
0.01,-0.951900869920879
0.02,-0.850133018294235
0.03,-0.873506128261595
0.04,-0.758278117713711
0.05,-0.882068910151916
0.06,-0.68721087319245
0.07,-0.648509684544177
0.08,-0.603420862984529
0.09,-0.725127904073677
0.1,-0.631568222134276
0.11,-0.614357350302857
0.12,-0.451118034137468
0.13,-0.553180994243303
0.14,-0.363740354826577
0.15,-0.461265375142408
0.16,-0.290675311229073
0.17,-0.378403806792901
0.18,-0.24589209699001
0.19,-0.296710816560541
0.2,-0.287050543891638
0.21,-0.174174965972234
0.22,-0.159384228557499
0.23,-0.0628871380939285
0.24,-0.0908428864586432
0.25,0.0480105492325766
0.26,-0.0153958800553428
0.27,-0.019916289116276
0.28,0.0205855150071976
0.29,0.245139703062569
0.3,0.107938481843665
0.31,0.247414946453437
0.32,0.218322912111857
0.33,0.252730128375916
0.34,0.399448968139964
0.35,0.43374439082711
0.36,0.496878839561086
0.37,0.484410845897128
0.38,0.579163746122102
0.39,0.575614860826871
0.4,0.603063200597595
0.41,0.6177758676978
0.42,0.696036462982742
0.43,0.718585919878132
0.44,0.771786131963782
0.45,0.870922880934244
0.46,0.878291990468928
0.47,0.78906583666773
0.48,1.00021189574036
0.49,0.91085095303335
0.5,1.01113913643899
0.51,0.982648018162096
0.52,0.984034139387993
0.53,0.889704063163403
0.54,0.745254152942927
0.55,0.867504409183864
0.56,0.852150985116518
0.57,0.786231587155231
0.58,0.660448782720941
0.59,0.640637746853108
0.6,0.630529451979523
0.61,0.599218607362832
0.62,0.575944713503411
0.63,0.555687166372448
0.64,0.38600231919828
0.65,0.460072200890768
0.66,0.410644062567992
0.67,0.416467189592983
0.68,0.202218546242665
0.69,0.283372780625864
0.7,0.233337368214681
0.71,0.0955959341083023
0.72,0.0909365287799058
0.73,0.0579614509417221
0.74,0.0570161942270782
0.75,-0.0610782959683859
0.76,-0.105374541646572
0.77,0.00357473246984213
0.78,-0.149090970867385
0.79,-0.246374734190211
0.8,-0.26071662349109
0.81,-0.239291144004658
0.82,-0.301447738492224
0.83,-0.238938580600862
0.84,-0.411322713327218
0.85,-0.453422846782998
0.86,-0.536786915185148
0.87,-0.489995638669259
0.88,-0.48089415913288
0.89,-0.518810567061618
0.9,-0.608002026103168
0.91,-0.720451433307698
0.92,-0.650148597419048
0.93,-0.69451052189794
0.94,-0.830208043778068
0.95,-0.859586085062698
0.96,-0.807457154099839
0.97,-0.914110799927164
0.98,-0.963910425623929
0.99,-0.977698693806145
1,-0.929287615415708
1.01,-0.999094006970463
1.02,-0.86806295451859
1.03,-0.870560941939527
1.04,-0.784435960184844
1.05,-0.742587781370483
1.06,-0.671236845619603
1.07,-0.797473409313705
1.08,-0.60668163658244
1.09,-0.570060780588786
1.1,-0.640973614320374
1.11,-0.613327958857873
1.12,-0.524558196525127
1.13,-0.541788294085553
1.14,-0.357202685393591
1.15,-0.436828031125096
1.16,-0.43825288652129
1.17,-0.332143832591865
1.18,-0.272424744195385
1.19,-0.330164754217752
1.2,-0.189713090193435
1.21,-0.141714226583708
1.22,-0.164951416714268
1.23,-0.0963149429979246
1.24,-0.0401730415060097
1.25,0.0226302018310613
1.26,0.107655758384695
1.27,0.159279224780895
1.28,0.117338750704266
1.29,0.110146704621479
1.3,0.130414693334151
1.31,0.264490346793434
1.32,0.351734236456607
1.33,0.398149191328208
1.34,0.291416305965391
1.35,0.419346227030552
1.36,0.50695687387902
1.37,0.542014348198293
1.38,0.579525245985296
1.39,0.635681013442236
1.4,0.580287235094548
1.41,0.70757659196413
1.42,0.705209197689312
1.43,0.661398174159256
1.44,0.735283699158563
1.45,0.841752327746596
1.46,0.745751331990072
1.47,0.836622954132793
1.48,0.944466435716374
1.49,0.880656353649306
1.5,0.973973489451936
1.51,0.960228722202018
1.52,0.88472963212286
1.53,0.959097687019535
1.54,0.880398144923218
1.55,0.724110406385947
1.56,0.859009806388825
1.57,0.808784166619196
1.58,0.737476488713012
1.59,0.664354957560088
1.6,0.69014220832814
1.61,0.482217714884991
1.62,0.595383255076272
1.63,0.533612956656638
1.64,0.47701484340386
1.65,0.443849989288581
1.66,0.381246990464985
1.67,0.247105191643633
1.68,0.29355327489932
1.69,0.20926561552295
1.7,0.23565324684081
1.71,0.127823600764162
1.72,0.0856653439852488
1.73,0.0228962920457765
1.74,0.0143567235929835
1.75,-0.0117844242619862
1.76,-0.0465948535614721
1.77,-0.12706155059561
1.78,-0.0419686125228271
1.79,-0.249918749028629
1.8,-0.210171537213203
1.81,-0.160907629989211
1.82,-0.197753561645106
1.83,-0.388040190486918
1.84,-0.343129730046884
1.85,-0.410617538631953
1.86,-0.345316473274906
1.87,-0.424577600986699
1.88,-0.428806501214031
1.89,-0.612602776399188
1.9,-0.68725784012785
1.91,-0.694154656349662
1.92,-0.62371575174764
1.93,-0.627033588296207
1.94,-0.815059095244475
1.95,-0.723036977439263
1.96,-0.750633264748412
1.97,-0.94256697774673
1.98,-0.895819804412257
1.99,-0.887485711868317
2,-1.03823717131632
2.01,-1.02560301061476
2.02,-0.875171891132512
2.03,-0.862777309754662
2.04,-0.848746336833901
2.05,-0.809235109431575
2.06,-0.836337661960764
2.07,-0.819888510482529
2.08,-0.599154577870759
2.09,-0.708236747210971
2.1,-0.530784743459021
2.11,-0.564662379528946
2.12,-0.556788630295043
2.13,-0.554665429934141
2.14,-0.405514999494112
2.15,-0.316978621996125
2.16,-0.391511770825774
2.17,-0.379179693987929
2.18,-0.265073641623757
2.19,-0.231545602396839
2.2,-0.224525775325941
2.21,-0.242763941976152
2.22,-0.136141151835671
2.23,-0.0517428116070973
2.24,-0.114801688385257
2.25,0.0367063030652419
2.26,0.106279557705269
2.27,0.151002453086546
2.28,0.140209483585224
2.29,0.220633360328163
2.3,0.245026364644547
2.31,0.280236326791502
2.32,0.367669393753422
2.33,0.25777294862676
2.34,0.440829404598934
2.35,0.484690417170678
2.36,0.484950149719533
2.37,0.454818434990389
2.38,0.560435865291985
2.39,0.496667921370008
2.4,0.688013609720382
2.41,0.585524825142179
2.42,0.70028618678051
2.43,0.625325696126289
2.44,0.816159423556987
2.45,0.759805543750665
2.46,0.81086595029351
2.47,0.810171937896138
2.48,0.909297522407504
2.49,1.02977675356798
2.5,1.08042886431536
2.51,0.944742548444198
2.52,0.874365366740183
2.53,0.921012690203603
2.54,0.875726406948386
2.55,0.85553435319329
2.56,0.739112776368535
2.57,0.625022893374153
2.58,0.771905144493404
2.59,0.634577196555056
2.6,0.676959129197629
2.61,0.633501705464455
2.62,0.592280709672931
2.63,0.455783230273661
2.64,0.415180567703775
2.65,0.423109988797881
2.66,0.3926530018607
2.67,0.278845767239574
2.68,0.200693384792756
2.69,0.144214022249487
2.7,0.12971767633401
2.71,0.126535527658092
2.72,0.026760988817818
2.73,0.126545664180394
2.74,0.0286304676438946
2.75,-0.0191334868882745
2.76,-0.121520790202481
2.77,-0.0140993634534596
2.78,-0.0345677305022155
2.79,-0.0954499402285735
2.8,-0.276480952783443
2.81,-0.305959767621602
2.82,-0.221110342147119
2.83,-0.344157209364784
2.84,-0.281523812107414
2.85,-0.374317129204266
2.86,-0.490555304033838
2.87,-0.416279358683612
2.88,-0.510493156902198
2.89,-0.619471751254561
2.9,-0.527043808720187
2.91,-0.695549091575794
2.92,-0.659759751115468
2.93,-0.770715229755007
2.94,-0.679395953099685
2.95,-0.772588110814984
2.96,-0.91111298945208
2.97,-0.933224580250311
2.98,-0.862960939737741
2.99,-0.88580622435405
3,-0.989229690088641
3.01,-0.880444772630497
3.02,-0.830333721538286
3.03,-0.920139887838662
3.04,-0.840100913094231
3.05,-0.821266437819563
3.06,-0.670189674631678
3.07,-0.632078258612046
3.08,-0.633291828381692
3.09,-0.66994512392193
3.1,-0.63227995617623
3.11,-0.502209344480132
3.12,-0.46112436395586
3.13,-0.509680752280341
3.14,-0.473151734629849
3.15,-0.418908421739939
3.16,-0.348092387586397
3.17,-0.279711293410161
3.18,-0.214625096767765
3.19,-0.246565386278058
3.2,-0.263799229255966
3.21,-0.0652649502362926
3.22,-0.169460111705178
3.23,-0.0867884809768619
3.24,-0.13293417111292
3.25,-0.073275072683888
3.26,-0.0438163874480741
3.27,0.136963284928792
3.28,0.0560124198471686
3.29,0.12519899103764
3.3,0.159094919039703
3.31,0.160664735764484
3.32,0.368456183312958
3.33,0.261302774501401
3.34,0.346230645615417
3.35,0.310091845757007
3.36,0.475158508174569
3.37,0.402132459959568
3.38,0.506797566403189
3.39,0.626949276388999
3.4,0.519355902316452
3.41,0.696883711536233
3.42,0.660446859525739
3.43,0.749112251508765
3.44,0.782141918128094
3.45,0.702892276286995
3.46,0.857072899951424
3.47,0.864282547635441
3.48,0.827068207033906
3.49,0.991851886533764
3.5,1.05573421521805
3.51,0.895299364517332
3.52,1.00401745904277
3.53,0.845292513010226
3.54,0.796436136300967
3.55,0.840405040460546
3.56,0.84776723453929
3.57,0.786030406234147
3.58,0.671000870680904
3.59,0.621115708792793
3.6,0.697752073754544
3.61,0.515771705388081
3.62,0.47998952066404
3.63,0.466774041199934
3.64,0.427964718006004
3.65,0.395855284548342
3.66,0.297911061451441
3.67,0.31947611091324
3.68,0.355445554449821
3.69,0.17784924962392
3.7,0.101285616340343
3.71,0.103260588176163
3.72,0.12856843752483
3.73,0.0858135457641511
3.74,0.0908044119320171
3.75,0.0289136980153213
3.76,-0.0035039399713673
3.77,-0.0376115565813281
3.78,-0.124016792420575
3.79,-0.203203987538379
3.8,-0.276358587762938
3.81,-0.232867396160989
3.82,-0.27057557446392
3.83,-0.255463100668415
3.84,-0.321629001941435
3.85,-0.358382532969255
3.86,-0.503299412701703
3.87,-0.515700465980435
3.88,-0.587643393388192
3.89,-0.51162554670262
3.9,-0.586656726090291
3.91,-0.591081763797021
3.92,-0.722446721382209
3.93,-0.801194317925717
3.94,-0.743608825313055
3.95,-0.882960816714804
3.96,-0.785004553936455
3.97,-0.83769227998186
3.98,-1.01580774134895
3.99,-1.01805193632336
4,-0.96452252830648
4.01,-0.969373914798333
4.02,-0.921356643298676
4.03,-0.909464327401756
4.04,-0.817620345053158
4.05,-0.808626103367017
4.06,-0.801024157337049
4.07,-0.652452028604851
4.08,-0.710455060781025
4.09,-0.545965539648476
4.1,-0.61950509666299
4.11,-0.555119707111007
4.12,-0.51792860883213
4.13,-0.465480739630367
4.14,-0.361318203437316
4.15,-0.425019969407355
4.16,-0.266398322183346
4.17,-0.349342749748946
4.18,-0.343211374267867
4.19,-0.226988065339663
4.2,-0.16132685363643
4.21,-0.156076386517407
4.22,-0.078438007410584
4.23,0.00112997740062712
4.24,0.0353848846377129
4.25,-0.0464770602723277
4.26,0.124091116182906
4.27,0.0178731540017356
4.28,0.067666006051169
4.29,0.167685268599608
4.3,0.126747142876526
4.31,0.185461329125848
4.32,0.231305913545716
4.33,0.283477976603611
4.34,0.286596804495026
4.35,0.332799961414954
4.36,0.394243661830509
4.37,0.449046330896976
4.38,0.460595460328181
4.39,0.474304089280417
4.4,0.674696151721479
4.41,0.570374994670281
4.42,0.738857132132429
4.43,0.809273292511494
4.44,0.730286943823415
4.45,0.711784981795686
4.46,0.924277360987513
4.47,0.935430995244089
4.48,0.869837298389641
4.49,0.966340587719066
4.5,0.914719692932573
4.51,1.0303187598771
4.52,0.970264023801709
4.53,0.815282621974893
4.54,0.905241192123005
4.55,0.706738653292508
4.56,0.663588745448518
4.57,0.762977566076243
4.58,0.764871584496892
4.59,0.650976695111348
4.6,0.665768656109769
4.61,0.531361125076335
4.62,0.48135581362695
4.63,0.514766696818357
4.64,0.351233306556483
4.65,0.3653617905997
4.66,0.436655572731537
4.67,0.302217228226448
4.68,0.280433125828254
4.69,0.211448795322388
4.7,0.297768915249338
4.71,0.152978636035879
4.72,0.209363698195415
4.73,4.69004887908298e-05
4.74,0.00391310165340628
4.75,-0.0211340423884496
4.76,0.0277130999496503
4.77,-0.147948646772048
4.78,-0.173365541024454
4.79,-0.227233159017668
4.8,-0.186282567946976
4.81,-0.309429362345785
4.82,-0.245874794278295
4.83,-0.240673815481298
4.84,-0.325030349978807
4.85,-0.368410137911078
4.86,-0.457188667267829
4.87,-0.44888784044454
4.88,-0.540393266855092
4.89,-0.542894130177987
4.9,-0.537648310055281
4.91,-0.603627891753187
4.92,-0.586309615595318
4.93,-0.761984619809774
4.94,-0.856850291500034
4.95,-0.817974706697608
4.96,-0.768556107669244
4.97,-0.783435105936321
4.98,-0.856765452580574
4.99,-1.02211100398518
5,-1.09205370876116
5.01,-0.938817383740134
5.02,-0.87389168754643
5.03,-0.97035505343242
5.04,-0.781555221553567
5.05,-0.82094363702397
5.06,-0.848043073646287
5.07,-0.695852708097937
5.08,-0.74696178388951
5.09,-0.674134981874272
5.1,-0.646011207140123
5.11,-0.551782856298656
5.12,-0.449254774202025
5.13,-0.493557922425293
5.14,-0.424396183869728
5.15,-0.472704426246165
5.16,-0.343691609223919
5.17,-0.285759155703318
5.18,-0.212612178805905
5.19,-0.213119027608259
5.2,-0.257636925684211
5.21,-0.0786597145294477
5.22,-0.138970937704211
5.23,-0.00227251178557858
5.24,-0.0249898577489591
5.25,-0.0966580842253686
5.26,0.0480808996652689
5.27,0.150530442693152
5.28,0.064516300653424
5.29,0.187401037664336
5.3,0.242496329849883
5.31,0.206746072676314
5.32,0.190156904687353
5.33,0.3118682853073
5.34,0.433122037113133
5.35,0.455171474979543
5.36,0.408403828532943
5.37,0.529640108045525
5.38,0.544958844027442
5.39,0.60561899126438
5.4,0.634023321821746
5.41,0.63703523807022
5.42,0.69479996260538
5.43,0.78007745314536
5.44,0.74992468524599
5.45,0.755203233144152
5.46,0.885168034230114
5.47,0.85941668766105
5.48,0.897767604167603
5.49,0.981186725232852
5.5,0.903718559101819
5.51,0.998164904674833
5.52,0.912799819511912
5.53,0.933819536135754
5.54,0.806989809689703
5.55,0.732416156863696
5.56,0.776941986044753
5.57,0.66932003370008
5.58,0.599679124029034
5.59,0.621963907849558
5.6,0.664638276282282
5.61,0.492798085322397
5.62,0.461135319192566
5.63,0.399509157823118
5.64,0.494026292619583
5.65,0.496943731822208
5.66,0.348278492134465
5.67,0.24612556593939
5.68,0.229000136455008
5.69,0.313272853773032
5.7,0.113144282323089
5.71,0.072067829688229
5.72,0.0720038479639567
5.73,0.0693927628049449
5.74,0.0750315010925655
5.75,-0.0477029721234016
5.76,-0.000764647244821892
5.77,-0.0688905706978199
5.78,-0.211399851329349
5.79,-0.226680996330386
5.8,-0.182664499790863
5.81,-0.238122178271066
5.82,-0.180126611973862
5.83,-0.224289847233724
5.84,-0.307043442451269
5.85,-0.453152277321501
5.86,-0.39261881746768
5.87,-0.44666307300389
5.88,-0.4955534303894
5.89,-0.488909393077705
5.9,-0.59034049116542
5.91,-0.558983650721093
5.92,-0.776448222530938
5.93,-0.702826953358919
5.94,-0.803775275139218
5.95,-0.751222587912628
5.96,-0.896815885278839
5.97,-0.969807515691976
5.98,-0.963634172915307
5.99,-1.03329414254926
6,-1.00862701372135
6.01,-1.01540696352312
6.02,-0.909345923226631
6.03,-0.965769821547865
6.04,-0.920501268417903
6.05,-0.835136224086642
6.06,-0.734236054514509
6.07,-0.669654954947861
6.08,-0.690790509351541
6.09,-0.693713351292974
6.1,-0.58645223275514
6.11,-0.617422870314436
6.12,-0.565632842220117
6.13,-0.544818913894556
6.14,-0.384878209745203
6.15,-0.483627390977565
6.16,-0.350254710107634
6.17,-0.273588679762963
6.18,-0.249350503590903
6.19,-0.209393157486793
6.2,-0.162266643894046
6.21,-0.237841889720734
6.22,-0.148430322957928
6.23,-0.0598111360226841
6.24,-0.0704176830038003
6.25,0.0624115818593518
6.26,-0.0365543906393796
6.27,0.0631874245405826
6.28,0.178955747568861
6.29,0.235344559037941
6.3,0.170642429655851
6.31,0.303013809424542
6.32,0.204632658616286
6.33,0.289605269019699
6.34,0.352118028350569
6.35,0.391073556136762
6.36,0.417222542463382
6.37,0.392448503866453
6.38,0.504147266497552
6.39,0.658233141735247
6.4,0.661708060807363
6.41,0.649934067469154
6.42,0.741347829545956
6.43,0.711125009466219
6.44,0.777440997770833
6.45,0.899757226948839
6.46,0.886732966670351
6.47,0.873343167799821
6.48,0.943283785926049
6.49,0.885816607832834
6.5,1.07935000824874
6.51,0.893306443520023
6.52,0.864481880548567
6.53,0.905665968457537
6.54,0.838846131990239
6.55,0.792215794445491
6.56,0.680728061613058
6.57,0.637616203762671
6.58,0.761491767470794
6.59,0.619713988390139
6.6,0.504890259915429
6.61,0.553377089731046
6.62,0.591658276667061
6.63,0.552713672586716
6.64,0.441091186533642
6.65,0.397576640461787
6.66,0.307363608158405
6.67,0.414103230676925
6.68,0.209208578944451
6.69,0.164344840107565
6.7,0.161872241489928
6.71,0.235929154928251
6.72,0.0759921901445446
6.73,0.100260754765438
6.74,-0.00612640496878354
6.75,0.0827246931112922
6.76,-0.0189235519291907
6.77,-0.14755403632813
6.78,-0.0359844139872761
6.79,-0.238621002150305
6.8,-0.271291829908328
6.81,-0.212085734024621
6.82,-0.326997911850215
6.83,-0.418007152643573
6.84,-0.289477912928536
6.85,-0.438355313265711
6.86,-0.358294450682845
6.87,-0.488330004770084
6.88,-0.554271056111355
6.89,-0.461742798427542
6.9,-0.537292111924541
6.91,-0.680987836407125
6.92,-0.604823252317164
6.93,-0.75661759467511
6.94,-0.668043537877107
6.95,-0.714281038464584
6.96,-0.840772053919235
6.97,-0.881648066202924
6.98,-0.821559008517018
6.99,-0.98102703442635
7,-0.910545394962348
7.01,-1.04171967960815
7.02,-0.943450606833353
7.03,-0.833895936120615
7.04,-0.790762196590686
7.05,-0.865318647996415
7.06,-0.787608218328748
7.07,-0.687728288277511
7.08,-0.654446598634053
7.09,-0.595052782973467
7.1,-0.565479445705622
7.11,-0.651421104216515
7.12,-0.560047387327835
7.13,-0.482525370736501
7.14,-0.471214588139554
7.15,-0.484887882615325
7.16,-0.392759227579864
7.17,-0.395509572698589
7.18,-0.351451878948026
7.19,-0.26471404531978
7.2,-0.148274428185832
7.21,-0.0870930066657582
7.22,-0.048676056284412
7.23,-0.153393209238176
7.24,0.0326464475186893
7.25,0.0188592807666737
7.26,0.0580523478453796
7.27,0.163596706756791
7.28,0.0311880516029959
7.29,0.200935338943927
7.3,0.199595697724729
7.31,0.213161976832784
7.32,0.379642660302474
7.33,0.410999152652277
7.34,0.362664337300252
7.35,0.434056285740848
7.36,0.34037809008605
7.37,0.478590879738043
7.38,0.526252368379749
7.39,0.521174592868061
7.4,0.671967517666202
7.41,0.553242264593165
7.42,0.686883709768739
7.43,0.621261841394906
7.44,0.792401059695343
7.45,0.807765891259065
7.46,0.82911833656065
7.47,0.936825169068976
7.48,0.852113364993249
7.49,0.89091445544923
7.5,1.06246835858192
7.51,1.05557616560268
7.52,0.877027566824317
7.53,0.911461009713108
7.54,0.901347525059466
7.55,0.864006843132719
7.56,0.721027744022548
7.57,0.634841552157334
7.58,0.703519002446621
7.59,0.567232216610112
7.6,0.661831488192618
7.61,0.655576933531685
7.62,0.600085236885994
7.63,0.416551482387166
7.64,0.52440568084479
7.65,0.327311800705176
7.66,0.268670850432067
7.67,0.354557767936303
7.68,0.205539523425278
7.69,0.183853591931479
7.7,0.231770791513325
7.71,0.124517491715335
7.72,0.120495726464791
7.73,0.0868848233598205
7.74,0.0318187616665982
7.75,0.00373604836850512
7.76,-0.025566692745014
7.77,-0.10315207198717
7.78,-0.0487843633795448
7.79,-0.188874653870281
7.8,-0.128281778652288
7.81,-0.255987889858578
7.82,-0.333919921447123
7.83,-0.275336355771513
7.84,-0.441287622456448
7.85,-0.469354053926366
7.86,-0.358986872259192
7.87,-0.465253433967615
7.88,-0.483529113666373
7.89,-0.644350808841402
7.9,-0.629585584076857
7.91,-0.669335191051308
7.92,-0.756987228850972
7.93,-0.72151247889157
7.94,-0.773342952927984
7.95,-0.853540535444458
7.96,-0.900121400751089
7.97,-0.928573790790085
7.98,-1.00120602587685
7.99,-1.00608180448011
8,-1.06071010258364
8.01,-0.976500457632249
8.02,-1.01640435125993
8.03,-0.941608978060915
8.04,-0.886915140490676
8.05,-0.780677587043839
8.06,-0.83670200169084
8.07,-0.78925100622464
8.08,-0.695811114630961
8.09,-0.731179539583133
8.1,-0.604457501719255
8.11,-0.469773916179178
8.12,-0.441688876941274
8.13,-0.397766508258253
8.14,-0.496987616613955
8.15,-0.374946781511476
8.16,-0.45700923994373
8.17,-0.263213049880206
8.18,-0.378306023367762
8.19,-0.187772607430795
8.2,-0.23375731409422
8.21,-0.239090419282748
8.22,-0.0382397833346274
8.23,-0.0255568562986412
8.24,-0.11513933404688
8.25,0.0919366800928384
8.26,0.00797959203084231
8.27,0.10165967810865
8.28,0.135118995299031
8.29,0.257198514471148
8.3,0.297312604297048
8.31,0.231877782413715
8.32,0.255244354181701
8.33,0.226358982587063
8.34,0.403823462481448
8.35,0.350375953282956
8.36,0.421352583458468
8.37,0.545149191673683
8.38,0.53338593205409
8.39,0.575230363051949
8.4,0.560833851199576
8.41,0.597905445436701
8.42,0.634281370381147
8.43,0.761891598333947
8.44,0.708077433340344
8.45,0.811996768933987
8.46,0.805205781598876
8.47,0.835633928914344
8.48,0.873077499186728
8.49,0.960493800494502
8.5,1.01358027455963
8.51,0.885221924108377
8.52,0.829773670320517
8.53,0.942634358111891
8.54,0.780289171455019
8.55,0.843781172116396
8.56,0.796998480300331
8.57,0.652780519876631
8.58,0.749352162148054
8.59,0.635198751858619
8.6,0.641806985633097
8.61,0.519418424864295
8.62,0.465379340650445
8.63,0.560505179950679
8.64,0.464012618306518
8.65,0.346451244027816
8.66,0.379999994920819
8.67,0.246863187898194
8.68,0.190737966830719
8.69,0.181197463904738
8.7,0.145908860056226
8.71,0.18813738482199
8.72,0.0639369814517881
8.73,0.11381217705662
8.74,0.0722252587510807
8.75,-0.0393246199430726
8.76,-0.0266325776496223
8.77,-0.0492945343658154
8.78,-0.0868597343247996
8.79,-0.159313116622316
8.8,-0.293713656095009
8.81,-0.187330937584815
8.82,-0.222631765583921
8.83,-0.255214482225503
8.84,-0.383430787161712
8.85,-0.429278576037219
8.86,-0.473896347453384
8.87,-0.439509965401029
8.88,-0.543221110717685
8.89,-0.653772923702422
8.9,-0.608671558177012
8.91,-0.684116956604719
8.92,-0.712744265917624
8.93,-0.809563206441243
8.94,-0.752002888494756
8.95,-0.823812674033752
8.96,-0.740312063583846
8.97,-0.87407603925228
8.98,-0.842712130098348
8.99,-0.896885386481835
9,-1.03506198994276
9.01,-1.00676737774555
9.02,-0.964437643450291
9.03,-0.829111555914653
9.04,-0.74421496707349
9.05,-0.771507987585438
9.06,-0.689551565167224
9.07,-0.648952108479187
9.08,-0.668228333312425
9.09,-0.689382101334738
9.1,-0.62467379954641
9.11,-0.550991382852352
9.12,-0.611036300698703
9.13,-0.513061565405239
9.14,-0.379483932878421
9.15,-0.401287063639357
9.16,-0.408239950791408
9.17,-0.363064211190498
9.18,-0.21661533196675
9.19,-0.221731408898955
9.2,-0.221226799297051
9.21,-0.237818099808445
9.22,-0.0207025630402278
9.23,-0.178939945579826
9.24,-0.0896954863270875
9.25,0.034070714647405
9.26,0.0642379787678613
9.27,0.0643969548510385
9.28,0.146054839326908
9.29,0.0678688808841947
9.3,0.189191660685583
9.31,0.205638739300301
9.32,0.339499912019845
9.33,0.391120529697235
9.34,0.444669405673665
9.35,0.359188770464904
9.36,0.520517797718085
9.37,0.399052820852391
9.38,0.498997663703709
9.39,0.595600535781849
9.4,0.53068401793476
9.41,0.553052446895152
9.42,0.601274706533557
9.43,0.639292103646402
9.44,0.739177820464341
9.45,0.897034087222394
9.46,0.853790729995228
9.47,0.83645475935662
9.48,0.953724605498584
9.49,0.983871344821783
9.5,1.08309258432697
9.51,0.901480470334574
9.52,0.830197851526143
9.53,0.920611779204022
9.54,0.771944611667433
9.55,0.834211415077443
9.56,0.6736629500238
9.57,0.625949517456534
9.58,0.748323406001696
9.59,0.690785077626703
9.6,0.519556977380349
9.61,0.50169698048586
9.62,0.43738971428164
9.63,0.553147565269054
9.64,0.344917685259418
9.65,0.350313013723029
9.66,0.383124637409244
9.67,0.313677174493502
9.68,0.327671269514416
9.69,0.179043632660745
9.7,0.209651616771483
9.71,0.151823791390462
9.72,0.214274676835634
9.73,0.0448403977509235
9.74,-0.019478329950845
9.75,0.0134550292482452
9.76,-0.0433742684161526
9.77,-0.121516493317986
9.78,-0.138969760526904
9.79,-0.159448323015969
9.8,-0.142064444924431
9.81,-0.321346353129398
9.82,-0.33970304791756
9.83,-0.415045228607375
9.84,-0.323727110758299
9.85,-0.352929828441464
9.86,-0.510106025399962
9.87,-0.518019438205576
9.88,-0.553635891050317
9.89,-0.622680594253652
9.9,-0.562476224754237
9.91,-0.627073710364075
9.92,-0.671158610313381
9.93,-0.633289922079219
9.94,-0.853716538940467
9.95,-0.767538932662518
9.96,-0.784965410249438
9.97,-0.850410729284022
9.98,-0.823054378670609
9.99,-0.868994620604335
10,-0.949850650215594
10.01,-1.04064083838517
10.02,-0.926186250029526
10.03,-0.959170223737938
10.04,-0.865569120225633
10.05,-0.886044869162322
10.06,-0.677651675563612
10.07,-0.700017946488509
10.08,-0.583739371914469
10.09,-0.557447981102907
10.1,-0.599926455465894
10.11,-0.650530938072462
10.12,-0.481184967321698
10.13,-0.565193357472993
10.14,-0.433527929790381
10.15,-0.373738567650504
10.16,-0.290664722754332
10.17,-0.295263072202619
10.18,-0.364855238140501
10.19,-0.280050020056671
10.2,-0.123354119668916
10.21,-0.113308661278597
10.22,-0.101874619711646
10.23,-0.0544215350609067
10.24,0.0119567732671193
10.25,-0.0505280156173328
10.26,-0.0158008339646613
10.27,0.0362996065819762
10.28,0.175499288293561
10.29,0.1436224213468
10.3,0.121672486278386
10.31,0.222858354818469
10.32,0.362445682968923
10.33,0.332779338553178
10.34,0.418906203081923
10.35,0.361649915866824
10.36,0.35916185761022
10.37,0.395847960431663
10.38,0.531847177260004
10.39,0.53182636967881
10.4,0.661063810648007
10.41,0.549302180409143
10.42,0.705576992576698
10.43,0.687794372296894
10.44,0.661258057256981
10.45,0.884125369553443
10.46,0.778221026340417
10.47,0.899181177884266
10.48,0.98068680637683
10.49,0.905403154463847
10.5,1.07246921876191
10.51,1.03888183173451
10.52,0.871862887598982
10.53,0.940582088478831
10.54,0.808856494286364
10.55,0.728597792853267
10.56,0.816466080591253
10.57,0.796203703710183
10.58,0.746061625026056
10.59,0.616726237878492
10.6,0.539423779666745
10.61,0.562440094844043
10.62,0.475561699802532
10.63,0.400624082268308
10.64,0.377949951268584
10.65,0.325909416139783
10.66,0.308121964954408
10.67,0.332640492258102
10.68,0.325654770758038
10.69,0.291316270280839
10.7,0.129371727167167
10.71,0.0842168732365297
10.72,0.0532719917504607
10.73,0.0676865892455002
10.74,-0.00061833523457136
10.75,0.00851438566276859
10.76,0.044887260127024
10.77,-0.129484843425398
10.78,-0.100080808092525
10.79,-0.211740932515075
10.8,-0.232172831234009
10.81,-0.207125996138846
10.82,-0.368637872236231
10.83,-0.222164511059584
10.84,-0.279202417970017
10.85,-0.341188664560985
10.86,-0.523041622975341
10.87,-0.39435561253684
10.88,-0.508763574830377
10.89,-0.60156294546405
10.9,-0.697487764957219
10.91,-0.656341478081947
10.92,-0.580107508161833
10.93,-0.685291811574846
10.94,-0.750030831235432
10.95,-0.745609036618778
10.96,-0.876061867153618
10.97,-0.842139577776547
10.98,-0.947032370867608
10.99,-1.04534770099368
11,-0.916422519969638
11.01,-1.03944829515564
11.02,-0.870310659947236
11.03,-0.823141606758069
11.04,-0.869372640658841
11.05,-0.895768573798161
11.06,-0.856715536114929
11.07,-0.752201379926228
11.08,-0.635908679051661
11.09,-0.559720363300547
11.1,-0.60526887335588
11.11,-0.648851646276063
11.12,-0.538446378633114
11.13,-0.512848832817138
11.14,-0.47917937782445
11.15,-0.4407029995528
11.16,-0.265716373462356
11.17,-0.304941361459851
11.18,-0.332525073024703
11.19,-0.157667100006654
11.2,-0.292447714495051
11.21,-0.148593154180145
11.22,-0.0851063679747213
11.23,0.00650514763566434
11.24,0.0576965521777335
11.25,-0.0655223727338239
11.26,-0.0594038617530223
11.27,0.00464135866223749
11.28,0.052856919609558
11.29,0.174334276792961
11.3,0.2134836193324
11.31,0.291533177180719
11.32,0.202098586207069
11.33,0.367075822685291
11.34,0.366627666739634
11.35,0.392814164418795
11.36,0.458885273291248
11.37,0.57664246778177
11.38,0.49303556996035
11.39,0.515091255369204
11.4,0.565591141950565
11.41,0.717563558024851
11.42,0.735153397258211
11.43,0.666335053050921
11.44,0.790123589024757
11.45,0.706371990136306
11.46,0.935023008510166
11.47,0.802958463305737
11.48,0.848477786235037
11.49,1.00382748406837
11.5,0.965580277905877
11.51,0.995584901656008
11.52,0.840347048450657
11.53,0.891973736219193
11.54,0.764554291281688
11.55,0.750180900829834
11.56,0.774035040190659
11.57,0.621776615498074
11.58,0.673692690120171
11.59,0.598808849867839
11.6,0.551868102500879
11.61,0.563895762984884
11.62,0.520213160002373
11.63,0.392911509222151
11.64,0.436966160231431
11.65,0.463859418842288
11.66,0.391932917172961
11.67,0.258830306698877
11.68,0.371774035214657
11.69,0.330786835623297
11.7,0.281379162948709
11.71,0.136213874314345
11.72,0.148358107389264
11.73,0.144062982785804
11.74,0.0233922749204393
11.75,0.0435639830172423
11.76,0.0264605034870969
11.77,-0.0461207007133457
11.78,-0.108600525981774
11.79,-0.0680369162309008
11.8,-0.121060426276132
11.81,-0.314814562563896
11.82,-0.289356923989185
11.83,-0.359326574356448
11.84,-0.434607787400869
11.85,-0.435913530476058
11.86,-0.466120456349825
11.87,-0.408590179083514
11.88,-0.583813112857699
11.89,-0.640141880684766
11.9,-0.696473212770433
11.91,-0.580428091700887
11.92,-0.728692958068849
11.93,-0.748033892874513
11.94,-0.698294075480548
11.95,-0.786750537887713
11.96,-0.783584774472413
11.97,-0.8824389325901
11.98,-0.931686831782889
11.99,-0.992410759468065
12,-1.08904363363067
12.01,-0.921531498443964
12.02,-1.01645567139609
12.03,-0.89571631274887
12.04,-0.763724833463234
12.05,-0.899703903560728
12.06,-0.759859444698257
12.07,-0.66904058769748
12.08,-0.644898521082034
12.09,-0.703779640470301
12.1,-0.500795419015112
12.11,-0.48170774550639
12.12,-0.480802355444692
12.13,-0.559598581346061
12.14,-0.365664647972368
12.15,-0.318329100559886
12.16,-0.278783681347003
12.17,-0.306572562442367
12.18,-0.29835235602901
12.19,-0.319872400283523
12.2,-0.19122454761699
12.21,-0.171962842485572
12.22,-0.0938909503009534
12.23,-0.137101230230484
12.24,-0.0120380827193692
12.25,0.0936840894594334
12.26,0.0794426416031607
12.27,0.156832996056318
12.28,0.205367159864026
12.29,0.249051932268388
12.3,0.20357646924873
12.31,0.175635608853712
12.32,0.344394767599898
12.33,0.229781810249068
12.34,0.285831319738379
12.35,0.486384997145301
12.36,0.396181418017787
12.37,0.568819158374943
12.38,0.55686759133922
12.39,0.594829461983564
12.4,0.575339820023677
12.41,0.71362002162887
12.42,0.691708136363163
12.43,0.680674676376138
12.44,0.829847842500508
12.45,0.856911413146651
12.46,0.934125586673159
12.47,0.975649707672492
12.48,0.940653535936346
12.49,0.862985520538804
12.5,0.95138663777331
12.51,0.922010103283074
12.52,0.865457769006051
12.53,0.924512949279434
12.54,0.869827656185564
12.55,0.88591682022944
12.56,0.768799185602424
12.57,0.708369445906809
12.58,0.708045942563164
12.59,0.58403575513901
12.6,0.509900487708781
12.61,0.502090883212382
12.62,0.592837995904279
12.63,0.402168412497354
12.64,0.532994395825605
12.65,0.380732537209491
12.66,0.296473839288394
12.67,0.332567562823987
12.68,0.262472683191359
12.69,0.297681634668929
12.7,0.115406649433505
12.71,0.0654482084794679
12.72,0.188370387326262
12.73,0.00413589412631993
12.74,0.130529606522948
12.75,0.0224340357970398
12.76,-0.0872972749892304
12.77,-0.0407039372415552
12.78,-0.114716188039441
12.79,-0.134204168417636
12.8,-0.175871106289772
12.81,-0.195976754351722
12.82,-0.370963671672324
12.83,-0.258833269274258
12.84,-0.381110613326517
12.85,-0.466997294839268
12.86,-0.360541525698799
12.87,-0.401531959019913
12.88,-0.450986087486139
12.89,-0.5405973159084
12.9,-0.616451594679092
12.91,-0.628592258409596
12.92,-0.671222065493716
12.93,-0.676303773527338
12.94,-0.785441901081547
12.95,-0.851961632587089
12.96,-0.80623885763186
12.97,-0.972664192372652
12.98,-0.942883105634735
12.99,-0.903387976766954
13,-1.03130391298054
13.01,-0.946796421038855
13.02,-0.95634766926845
13.03,-0.781383645827042
13.04,-0.934535236889067
13.05,-0.84549226987301
13.06,-0.759532571558167
13.07,-0.746065316729822
13.08,-0.7356124220103
13.09,-0.662723463293186
13.1,-0.539146739459124
13.11,-0.503074778769141
13.12,-0.488917310556517
13.13,-0.508514870427771
13.14,-0.472196742122082
13.15,-0.48946003666143
13.16,-0.287427636003151
13.17,-0.405229862691514
13.18,-0.243079004031237
13.19,-0.225282642699292
13.2,-0.213809525357951
13.21,-0.162761755802354
13.22,-0.0842946197192408
13.23,-0.139357667855662
13.24,-0.0663444667927773
13.25,0.0519786650914544
13.26,-0.0389997265606776
13.27,0.107826410496976
13.28,0.171111763366182
13.29,0.189240871233616
13.3,0.233683418948835
13.31,0.258457315691237
13.32,0.328063560983836
13.33,0.312816087615801
13.34,0.288715807881996
13.35,0.363743390380409
13.36,0.509569755366865
13.37,0.51156356750945
13.38,0.497791577471228
13.39,0.643402618116764
13.4,0.605520564022036
13.41,0.571781029420277
13.42,0.718602894935435
13.43,0.776681212448902
13.44,0.829290016322266
13.45,0.791458492533913
13.46,0.757791979288293
13.47,0.807124827623929
13.48,0.934263577411359
13.49,0.984707598760618
13.5,1.03943083692908
13.51,0.943146227666145
13.52,0.847746787702577
13.53,0.842019146149422
13.54,0.882471095935798
13.55,0.74249022470845
13.56,0.806760956106365
13.57,0.697868413966064
13.58,0.584220529049027
13.59,0.670166012251148
13.6,0.626871605078385
13.61,0.603685782798816
13.62,0.58032342597838
13.63,0.516173458305927
13.64,0.395397442067793
13.65,0.43089167347962
13.66,0.41295606590027
13.67,0.278395034006268
13.68,0.343698207598891
13.69,0.155544480223109
13.7,0.281776058243617
13.71,0.25953482088123
13.72,0.103759711416204
13.73,0.0331820504727688
13.74,-0.00800701090452876
13.75,-0.0319771195843473
13.76,0.0177161241791971
13.77,-0.0526968464913607
13.78,-0.0705531291484869
13.79,-0.0793623785854582
13.8,-0.100005850161253
13.81,-0.144557914377711
13.82,-0.284803443962553
13.83,-0.324453048399497
13.84,-0.446278177726516
13.85,-0.439053479553731
13.86,-0.355380810161691
13.87,-0.442765497590357
13.88,-0.562723576521948
13.89,-0.573219000050239
13.9,-0.626518333957037
13.91,-0.639947773511591
13.92,-0.748477686954445
13.93,-0.730484851999841
13.94,-0.677051603847129
13.95,-0.882245939990718
13.96,-0.865575412001826
13.97,-0.969498445987529
13.98,-0.855527069685068
13.99,-0.898989823140311
14,-0.931390087891471
14.01,-0.927593745481202
14.02,-0.827792296732313
14.03,-0.860432163060127
14.04,-0.764322482065563
14.05,-0.889513523941229
14.06,-0.855361850125732
14.07,-0.778954992600656
14.08,-0.664454526056219
14.09,-0.585748097158149
14.1,-0.525581764196924
14.11,-0.643828302009643
14.12,-0.449991734577351
14.13,-0.393914820848883
14.14,-0.432475022304292
14.15,-0.489469046143322
14.16,-0.282639691835191
14.17,-0.388030228713949
14.18,-0.220849633252591
14.19,-0.278540556779451
14.2,-0.169503231316336
14.21,-0.085142330085054
14.22,-0.190923520311333
14.23,-0.00612964887542858
14.24,0.0324568111481001
14.25,0.0495049782124092
14.26,0.0735011300294565
14.27,0.166337769692184
14.28,0.0986071831021393
14.29,0.148814271634614
14.3,0.143478049563144
14.31,0.299377334457581
14.32,0.35400659216038
14.33,0.3652462013166
14.34,0.285811972864561
14.35,0.318914866613448
14.36,0.358733704350734
14.37,0.419030319334681
14.38,0.50849386543754
14.39,0.523707487437364
14.4,0.628844123942539
14.41,0.688255601097259
14.42,0.646559332536884
14.43,0.783432800792248
14.44,0.710591144118046
14.45,0.822735265739614
14.46,0.911308823998203
14.47,0.815812778359946
14.48,0.920905679305895
14.49,1.00230278330093
14.5,0.94616400149262
14.51,1.0215772137595
14.52,0.935779596186934
14.53,0.975692014553351
14.54,0.917665917937896
14.55,0.852769628880285
14.56,0.836652186727507
14.57,0.685234413961954
14.58,0.724625611487949
14.59,0.632638073422884
14.6,0.647993310272426
14.61,0.57224990683842
14.62,0.502314994244397
14.63,0.392085062661576
14.64,0.440076641605876
14.65,0.403135398021278
14.66,0.363510745429447
14.67,0.321257183815179
14.68,0.264465721863227
14.69,0.270994940805806
14.7,0.244175774728171
14.71,0.193205096287074
14.72,0.118725796628132
14.73,-0.000776151924586244
14.74,0.101999580141817
14.75,-0.0209126515456791
14.76,-0.0655796289971862
14.77,-0.117033239369543
14.78,-0.138019325924059
14.79,-0.156925197986631
14.8,-0.243452359505538
14.81,-0.245023953868863
14.82,-0.374279485397853
14.83,-0.392243515912124
14.84,-0.436231481927459
14.85,-0.397799100670135
14.86,-0.352217716870274
14.87,-0.508664425749184
14.88,-0.431559423486409
14.89,-0.599075101239176
14.9,-0.655017691035656
14.91,-0.718237521073852
14.92,-0.659131628685678
14.93,-0.708893577776564
14.94,-0.739052276801602
14.95,-0.741464761345398
14.96,-0.935815104200124
14.97,-0.78225386984471
14.98,-1.002624669888
14.99,-0.87990499557329
15,-1.05238054250112
15.01,-0.898147205747802
15.02,-0.896981436893859
15.03,-0.924157896486452
15.04,-0.809818403111451
15.05,-0.722623444673317
15.06,-0.78382658985989
15.07,-0.646283019334581
15.08,-0.597419602347712
15.09,-0.557778501837082
15.1,-0.523901476469579
15.11,-0.616806585941578
15.12,-0.617158677461356
15.13,-0.561597426803285
15.14,-0.396127067181633
15.15,-0.438323696297948
15.16,-0.417385247201147
15.17,-0.39657173201755
15.18,-0.30733927798608
15.19,-0.273437301963528
15.2,-0.178242796347426
15.21,-0.257817659026158
15.22,-0.202293245173807
15.23,-0.0690045860445521
15.24,0.0536291733428812
15.25,0.0528888983268594
15.26,0.00971086447251979
15.27,0.163599096051396
15.28,0.209406744034907
15.29,0.126463133536733
15.3,0.150522080516755
15.31,0.229738215410016
15.32,0.328038238238404
15.33,0.239429536175829
15.34,0.416381636623061
15.35,0.354135802390548
15.36,0.365722917521644
15.37,0.569829469995386
15.38,0.583737696280179
15.39,0.48530118957553
15.4,0.64622412575636
15.41,0.58782223878041
15.42,0.602326293249028
15.43,0.666158269577172
15.44,0.823487875007182
15.45,0.739397522970904
15.46,0.915656499907695
15.47,0.932069772855791
15.48,0.995064768034677
15.49,0.865391705663584
15.5,0.947469090971802
15.51,0.942023987902944
15.52,0.902309412160894
15.53,0.827515203076952
15.54,0.915191599825076
15.55,0.717817102614309
15.56,0.79316758678988
15.57,0.669514798546393
15.58,0.602457275429261
15.59,0.660576255344974
15.6,0.693827220453418
15.61,0.609161895591241
15.62,0.442426725827699
15.63,0.415130626286308
15.64,0.404699853689277
15.65,0.31737417799886
15.66,0.413025054764973
15.67,0.323055064487162
15.68,0.213453480687814
15.69,0.256134687810389
15.7,0.142731304518433
15.71,0.0911237863617319
15.72,0.139849224200752
15.73,0.0383027359937805
15.74,0.0369566362110954
15.75,-0.0598481292734543
15.76,-0.120193443884934
15.77,-0.118719979714365
15.78,-0.179459580466865
15.79,-0.0906055977182243
15.8,-0.160379337445549
15.81,-0.270562346341387
15.82,-0.247877884116806
15.83,-0.343123889259355
15.84,-0.351070328121376
15.85,-0.471946949204209
15.86,-0.407370638854779
15.87,-0.485982359189029
15.88,-0.532303307069363
15.89,-0.504131890874996
15.9,-0.678147376385776
15.91,-0.60104975530853
15.92,-0.767879876332093
15.93,-0.703653966068071
15.94,-0.78516531921097
15.95,-0.828179279625016
15.96,-0.79651315826343
15.97,-0.840419789090581
15.98,-0.861008034126333
15.99,-0.943012228764516
16,-1.0089924596159
16.01,-1.02222467725356
16.02,-0.986873784896177
16.03,-0.804514106770059
16.04,-0.854409470395934
16.05,-0.817586350072108
16.06,-0.759923115732908
16.07,-0.709037419020631
16.08,-0.694762392311868
16.09,-0.581264979033967
16.1,-0.616358563496323
16.11,-0.616141442334477
16.12,-0.489797619075096
16.13,-0.393836852230999
16.14,-0.499969742394181
16.15,-0.341210993334299
16.16,-0.381823319621422
16.17,-0.319631742333485
16.18,-0.197331132250741
16.19,-0.258901586624942
16.2,-0.172064835193809
16.21,-0.179873894829508
16.22,-0.184071379543855
16.23,-0.00672611175316362
16.24,0.0378403533285414
16.25,0.00181826339493936
16.26,-0.0143319633602548
16.27,0.165491663880406
16.28,0.0601464730524113
16.29,0.194324382399624
16.3,0.194064248632715
16.31,0.308502486173965
16.32,0.185091220163859
16.33,0.310277192004669
16.34,0.343780172174846
16.35,0.309385507203175
16.36,0.525193357118666
16.37,0.572645961089514
16.38,0.467321317755665
16.39,0.534466010796104
16.4,0.631901042940987
16.41,0.601167517042421
16.42,0.766286854882288
16.43,0.657583450871266
16.44,0.802480796129274
16.45,0.720761405008686
16.46,0.802463775632767
16.47,0.937972520052117
16.48,0.848894168513464
16.49,0.922922768243403
16.5,1.05327245139263
16.51,0.919921441657039
16.52,0.947494418305562
16.53,0.925357645146923
16.54,0.882105053499661
16.55,0.832997310745578
16.56,0.728896567271826
16.57,0.769478443986106
16.58,0.735716236610098
16.59,0.675427093827826
16.6,0.53701457825336
16.61,0.521010056039269
16.62,0.482796180684926
16.63,0.579651530544909
16.64,0.497158165653352
16.65,0.440092615760601
16.66,0.426836490480864
16.67,0.293129591948751
16.68,0.345937647004041
16.69,0.293335155574852
16.7,0.229449884339513
16.71,0.0661801848642712
16.72,0.219907756017377
16.73,0.135364370176191
16.74,0.00549164892126693
16.75,-0.0914430765675667
16.76,-0.0476046997469732
16.77,-0.0654285599675746
16.78,-0.114557239559181
16.79,-0.20894202094232
16.8,-0.138065812072077
16.81,-0.189011153830059
16.82,-0.23833283616703
16.83,-0.255794157199361
16.84,-0.393388726265843
16.85,-0.402287045017602
16.86,-0.343798410993058
16.87,-0.391002589059435
16.88,-0.58949611187191
16.89,-0.461070599572726
16.9,-0.574598702222898
16.91,-0.723583439882542
16.92,-0.690839841417725
16.93,-0.758787966457621
16.94,-0.770261188681209
16.95,-0.845527404178833
16.96,-0.892235838380426
16.97,-0.788640776167146
16.98,-0.851951576560088
16.99,-0.883576653653818
17,-0.914657443640414
17.01,-0.869342826647943
17.02,-1.00749573948107
17.03,-0.798443969296516
17.04,-0.766285934695103
17.05,-0.897789798086671
17.06,-0.81180943246976
17.07,-0.634004150550073
17.08,-0.687964895048291
17.09,-0.650450483932793
17.1,-0.685693335648959
17.11,-0.559417882522177
17.12,-0.543844926431357
17.13,-0.510169413115951
17.14,-0.538685666185463
17.15,-0.346052482438977
17.16,-0.265850525244111
17.17,-0.346887813610069
17.18,-0.293033078586731
17.19,-0.165821071796073
17.2,-0.281876665150104
17.21,-0.0682520096605609
17.22,-0.115226843423745
17.23,-0.114455265764455
17.24,-0.0417986508676206
17.25,0.0418303468481252
17.26,-0.021812112528246
17.27,0.0924962930736611
17.28,0.143536242565352
17.29,0.0904164816113099
17.3,0.290515764685759
17.31,0.181988819524612
17.32,0.355274348562143
17.33,0.266485420405647
17.34,0.351735774063907
17.35,0.480944662395218
17.36,0.45729292511313
17.37,0.387963376844892
17.38,0.475478168499992
17.39,0.510274563795437
17.4,0.542971754875085
17.41,0.675226437926428
17.42,0.69066319004445
17.43,0.660557482572319
17.44,0.85722208825993
17.45,0.705690146262754
17.46,0.870116722014538
17.47,0.799445389286742
17.48,0.896551722146812
17.49,0.924866278450455
17.5,0.917917023888108
17.51,0.914141687866988
17.52,0.999566577897093
17.53,0.915406457208536
17.54,0.839639856133898
17.55,0.792150560711441
17.56,0.770155119053896
17.57,0.686135301153544
17.58,0.617304451403062
17.59,0.563030325583997
17.6,0.617179002102066
17.61,0.532867702714592
17.62,0.435065627129846
17.63,0.446120410148069
17.64,0.458824895982117
17.65,0.400368290436849
17.66,0.416259927674991
17.67,0.384679168418111
17.68,0.359443283667615
17.69,0.253916141406726
17.7,0.107999377133858
17.71,0.251497306319671
17.72,0.199877873935513
17.73,0.0104684335243014
17.74,0.0732348198422277
17.75,-0.0884657103599331
17.76,0.0336138277296771
17.77,-0.0663405957454871
17.78,-0.157807165217774
17.79,-0.239325343677628
17.8,-0.289361322076272
17.81,-0.145985963589213
17.82,-0.361163610786823
17.83,-0.288819253325894
17.84,-0.385836525943471
17.85,-0.388304109920208
17.86,-0.370121529805803
17.87,-0.420791347298082
17.88,-0.475349584059697
17.89,-0.545750216391471
17.9,-0.622974665890198
17.91,-0.5645620713551
17.92,-0.630690137069929
17.93,-0.80647670229694
17.94,-0.851751053434486
17.95,-0.72966922036781
17.96,-0.822604101602482
17.97,-0.847798214976171
17.98,-0.902404320873652
17.99,-1.00847577012185
18,-0.963902425553437
18.01,-0.880950529115701
18.02,-0.943774200551617
18.03,-0.917132151444552
18.04,-0.908450759364543
18.05,-0.765816384839423
18.06,-0.75365632458349
18.07,-0.657812782774411
18.08,-0.677013012400668
18.09,-0.702283189900976
18.1,-0.544296864013982
18.11,-0.479009697575646
18.12,-0.507259327107713
18.13,-0.460046837371478
18.14,-0.416017790978501
18.15,-0.36989254557429
18.16,-0.433606872526321
18.17,-0.369690838524694
18.18,-0.241826075118605
18.19,-0.263747826993451
18.2,-0.188153283063475
18.21,-0.220526097096427
18.22,-0.0630429138308496
18.23,-0.0559015946140348
18.24,-0.0940707719209843
18.25,-0.0821698895190726
18.26,0.136373243688985
18.27,0.109425318553518
18.28,0.165121177080225
18.29,0.182956042366313
18.3,0.295262765216269
18.31,0.190142210822235
18.32,0.236215605298015
18.33,0.33004001521832
18.34,0.451150183346616
18.35,0.350366595466717
18.36,0.447639679833529
18.37,0.496568064049589
18.38,0.516735260923825
18.39,0.556290570111096
18.4,0.558312816220611
18.41,0.576319734649301
18.42,0.62655010565846
18.43,0.717669528775317
18.44,0.792902229476018
18.45,0.708407040634818
18.46,0.930103767276373
18.47,0.869141332752573
18.48,0.906079197033912
18.49,1.00951511160488
18.5,0.949013230280468
18.51,1.00856779324034
18.52,0.876924631326134
18.53,0.792276972300419
18.54,0.862552991037922
18.55,0.775710365723831
18.56,0.823751209487393
18.57,0.630143774049373
18.58,0.75654602128683
18.59,0.556216723692323
18.6,0.667255854918636
18.61,0.599340246514234
18.62,0.540667870831004
18.63,0.482743331624773
18.64,0.389560437377732
18.65,0.440844530802067
18.66,0.369344805714101
18.67,0.396317339640794
18.68,0.206911158924511
18.69,0.313764476805316
18.7,0.296177294621741
18.71,0.133996227210024
18.72,0.058888596135258
18.73,0.0767732233126911
18.74,0.0276130626791836
18.75,-0.0680817392614603
18.76,0.0446997962384775
18.77,-0.0960208791017408
18.78,-0.0881475085323365
18.79,-0.176092236630519
18.8,-0.112902265823608
18.81,-0.197520658242581
18.82,-0.189487326319695
18.83,-0.236926135016665
18.84,-0.423464516078648
18.85,-0.366295062621905
18.86,-0.520694850612408
18.87,-0.383163738906813
18.88,-0.471262003802071
18.89,-0.617328389595177
18.9,-0.576521975355791
18.91,-0.672880322374677
18.92,-0.653478514500976
18.93,-0.716848620871694
18.94,-0.702616357919988
18.95,-0.79947798032464
18.96,-0.907092753441958
18.97,-0.87850755766732
18.98,-0.855437297050044
18.99,-0.97423618635063
19,-1.06846297815422
19.01,-0.925021717446716
19.02,-0.964673845578665
19.03,-0.905042793792437
19.04,-0.860640953124584
19.05,-0.873576766140471
19.06,-0.666754857399909
19.07,-0.62776820353505
19.08,-0.777197948025733
19.09,-0.638126979029498
19.1,-0.660982368461815
19.11,-0.489395958847492
19.12,-0.449423369524281
19.13,-0.465140664712486
19.14,-0.476608736407056
19.15,-0.422649220857094
19.16,-0.307038425747978
19.17,-0.283913174578555
19.18,-0.354939299160697
19.19,-0.216032662026005
19.2,-0.162466808390982
19.21,-0.107943781921505
19.22,-0.174573147561247
19.23,-0.1351411668871
19.24,-0.136996799789594
19.25,0.0170660029905121
19.26,0.0865547339923212
19.27,0.152911023367526
19.28,0.0357689168728616
19.29,0.146520775847346
19.3,0.260957856401123
19.31,0.241913170341855
19.32,0.26099859985063
19.33,0.313138981971836
19.34,0.333714345888159
19.35,0.41240683255455
19.36,0.450470527924443
19.37,0.41652487925178
19.38,0.554581776923184
19.39,0.588478805960921
19.4,0.663260071099303
19.41,0.592993769690888
19.42,0.739833497966703
19.43,0.682287813860983
19.44,0.803056732593597
19.45,0.882651662327796
19.46,0.880712242797873
19.47,0.797378079581255
19.48,0.921567583344662
19.49,1.01523637238317
19.5,1.00065008497196
19.51,0.871706759458581
19.52,0.953599149383737
19.53,0.861935665846671
19.54,0.740209644301093
19.55,0.834855979448876
19.56,0.752276498344235
19.57,0.81153220838119
19.58,0.657316160166535
19.59,0.592035206952736
19.6,0.541615792089721
19.61,0.586930199813265
19.62,0.490868045321904
19.63,0.407074050846324
19.64,0.38334539817632
19.65,0.42121861688597
19.66,0.348760334484251
19.67,0.316085415909549
19.68,0.357399237405053
19.69,0.14251985412309
19.7,0.215698253403625
19.71,0.0732878743018349
19.72,0.0784894282967235
19.73,0.0774019538618614
19.74,-0.0247558217425297
19.75,-0.000789247749727842
19.76,-0.0156309112025146
19.77,-0.0336048420297372
19.78,-0.0224288466958081
19.79,-0.179591738527252
19.8,-0.123087732211824
19.81,-0.301927459071891
19.82,-0.246640724409187
19.83,-0.322122128664848
19.84,-0.366023310828162
19.85,-0.423028234845009
19.86,-0.510511478169221
19.87,-0.416555374639284
19.88,-0.597938180881349
19.89,-0.496892913056119
19.9,-0.53591957228146
19.91,-0.686358185911055
19.92,-0.760639099094842
19.93,-0.708603602692626
19.94,-0.693691772915862
19.95,-0.764605839148266
19.96,-0.888963904932145
19.97,-0.925308783914026
19.98,-0.964639387406456
19.99,-0.914741250714794
20,-0.95000177360119
