0,0.0705655175473622
0.01,0.127430731744299
0.02,0.0286476756060899
0.03,0.182323315308321
0.04,0.337513601118411
0.05,0.300741102922884
0.06,0.43811901266706
0.07,0.432889769855547
0.08,0.468573930333588
0.09,0.440713536004988
0.1,0.58865720844502
0.11,0.712720780811398
0.12,0.766196869585663
0.13,0.686009324287944
0.14,0.697053975171041
0.15,0.709043503084037
0.16,0.807920067603016
0.17,0.882328280040015
0.18,0.970662276607012
0.19,0.964493192349494
0.2,1.03365941602417
0.21,1.01981154641702
0.22,0.915989736186198
0.23,1.08491788885578
0.24,0.967679918578855
0.25,1.01969751238651
0.26,1.04430506951884
0.27,1.06627797396536
0.28,0.948967138155759
0.29,0.961191703647884
0.3,0.884433858641668
0.31,0.92305434522688
0.32,0.896101143517063
0.33,0.80187113990065
0.34,0.872313999580451
0.35,0.888314639822654
0.36,0.755998834345091
0.37,0.664137834094587
0.38,0.643526775326995
0.39,0.549171652326074
0.4,0.499819828500157
0.41,0.441158773449798
0.42,0.491847155165858
0.43,0.438389434430946
0.44,0.329043675436896
0.45,0.359919151315407
0.46,0.282910524680886
0.47,0.275348965453267
0.48,0.122364171800588
0.49,0.0664080877239929
0.5,0.0578406426870557
0.51,-0.0485568707507466
0.52,-0.0720342646778448
0.53,-0.103348094553001
0.54,-0.306628620507433
0.55,-0.28739415810501
0.56,-0.37497951179765
0.57,-0.402439312697715
0.58,-0.541135249350864
0.59,-0.50030669016945
0.6,-0.684322140628072
0.61,-0.692102487449459
0.62,-0.601653898376842
0.63,-0.675281820898578
0.64,-0.763850714234453
0.65,-0.895340951091098
0.66,-0.904411079067298
0.67,-0.973903153919186
0.68,-0.811512669952635
0.69,-0.863336347829125
0.7,-0.9619947042454
0.71,-0.870484067986041
0.72,-0.923430373997969
0.73,-0.99439246770084
0.74,-1.07190887758636
0.75,-1.05755149614633
0.76,-0.931804697483501
0.77,-1.02735722737976
0.78,-0.934533707966972
0.79,-1.0366086093577
0.8,-0.90476237319839
0.81,-1.01903766245016
0.82,-0.861949147049263
0.83,-0.951959551584047
0.84,-0.747518977904016
0.85,-0.790397355121707
0.86,-0.816604601702825
0.87,-0.742567909236417
0.88,-0.598444637460101
0.89,-0.63584692804063
0.9,-0.674965651236311
0.91,-0.504004532417626
0.92,-0.491919270532753
0.93,-0.496345592045932
0.94,-0.31307893470334
0.95,-0.302764643006181
0.96,-0.331111047867591
0.97,-0.107289175395458
0.98,-0.0517029967591167
0.99,-0.151530547273925
1,0.0280112506752308
1.01,0.140643445488205
1.02,0.0948778721034726
1.03,0.220725215795023
1.04,0.239582035743194
1.05,0.298392781960689
1.06,0.271530757319091
1.07,0.49806282280429
1.08,0.569318097844824
1.09,0.531581612374805
1.1,0.601751551051107
1.11,0.735983106238727
1.12,0.6653740311187
1.13,0.672936891171929
1.14,0.843812559896794
1.15,0.846821608190411
1.16,0.778621802161243
1.17,0.778111425788049
1.18,0.838642477973684
1.19,0.871054040078552
1.2,1.03138095405639
1.21,1.01041114061195
1.22,0.90867326067423
1.23,0.977155639182963
1.24,1.03031607127832
1.25,0.96447661619668
1.26,1.01751408644182
1.27,0.934244131977988
1.28,0.920210896164284
1.29,0.91024627221766
1.3,0.993725592678143
1.31,0.880315768067656
1.32,0.85883005440366
1.33,0.87265815190058
1.34,0.788462671418334
1.35,0.77994983220457
1.36,0.79806004623151
1.37,0.778919488953705
1.38,0.68303138624101
1.39,0.660901742539639
1.4,0.551675874544862
1.41,0.496326612577882
1.42,0.410111573358009
1.43,0.494647767864121
1.44,0.325755416544622
1.45,0.390783460306561
1.46,0.171331722340019
1.47,0.210153433595834
1.48,0.0821140553553099
1.49,0.064416920994497
1.5,0.00777502285120613
1.51,-0.152360417666197
1.52,-0.137916737340925
1.53,-0.243635386595626
1.54,-0.165022089033319
1.55,-0.270726374612203
1.56,-0.444939500703807
1.57,-0.453854733116714
1.58,-0.52054252995962
1.59,-0.575377179796197
1.6,-0.575496154808496
1.61,-0.578204194871398
1.62,-0.690557364902841
1.63,-0.670734522245254
1.64,-0.786759451834574
1.65,-0.761111044308888
1.66,-0.872823294589032
1.67,-0.786342263407729
1.68,-0.854797738265553
1.69,-1.02586098632029
1.7,-0.900023088243162
1.71,-0.886222934816102
1.72,-1.01273647634204
1.73,-1.07785765908858
1.74,-0.927009004580203
1.75,-1.0811293303789
1.76,-0.988113153190909
1.77,-0.909009676000472
1.78,-0.977884934967577
1.79,-1.05819006427827
1.8,-0.962874724318917
1.81,-0.891538640034013
1.82,-0.952551544623477
1.83,-0.797125172155829
1.84,-0.852385439752145
1.85,-0.86261318601042
1.86,-0.831324664859961
1.87,-0.659029858437299
1.88,-0.63622539380013
1.89,-0.604980917659182
1.9,-0.666367572380524
1.91,-0.468592210837171
1.92,-0.490770597036966
1.93,-0.395653301939468
1.94,-0.287240035598788
1.95,-0.386875869359001
1.96,-0.227923985414893
1.97,-0.284104821326662
1.98,-0.207091153261796
1.99,0.0183438109942618
2,0.00952379571600437
2.01,0.0916317818015859
2.02,0.0725086136943213
2.03,0.211496041753013
2.04,0.164486341668875
2.05,0.338167214481225
2.06,0.303384513841649
2.07,0.449564247189733
2.08,0.575818505774042
2.09,0.569665488612817
2.1,0.554147517663615
2.11,0.629001392918709
2.12,0.589536975125099
2.13,0.733589554794509
2.14,0.868351634496882
2.15,0.853689733756031
2.16,0.82371687176018
2.17,0.89445264321846
2.18,0.919463030768138
2.19,0.931311344224619
2.2,0.880165793420156
2.21,0.926772907283038
2.22,0.982516065052816
2.23,0.920488671481155
2.24,0.979303408719033
2.25,1.01862063699105
2.26,1.05990271738577
2.27,0.986234493259881
2.28,1.0171115865305
2.29,1.02001907260451
2.3,0.887476474411593
2.31,0.953704321273182
2.32,0.958812468111569
2.33,0.860523932632738
2.34,0.832125678578023
2.35,0.806773034681558
2.36,0.713879834972944
2.37,0.795551104242493
2.38,0.684855881194084
2.39,0.557970324998895
2.4,0.560657234301571
2.41,0.599987199839697
2.42,0.406322379160619
2.43,0.455651040870873
2.44,0.415449495692275
2.45,0.351149982388376
2.46,0.169756874101178
2.47,0.279102208142762
2.48,0.110071809581353
2.49,0.0748132083299132
2.5,-0.0802434457777936
2.51,-0.0661669878856073
2.52,-0.194608280855519
2.53,-0.225687347932865
2.54,-0.322506613901822
2.55,-0.340313274189103
2.56,-0.335512477446531
2.57,-0.422538758885499
2.58,-0.422420296716938
2.59,-0.520507681423941
2.6,-0.674410460284173
2.61,-0.687727505256994
2.62,-0.602811218697286
2.63,-0.651066932666034
2.64,-0.672552011085393
2.65,-0.844285903445364
2.66,-0.746843832485283
2.67,-0.853533726985391
2.68,-0.874410747322953
2.69,-0.909507267037286
2.7,-0.891497650737202
2.71,-0.946493847840665
2.72,-1.00683951458692
2.73,-1.05718537961639
2.74,-1.08604388749675
2.75,-1.06952947106386
2.76,-1.02134301082251
2.77,-1.08949792791161
2.78,-0.889212544512964
2.79,-1.00494578422569
2.8,-0.859935785608331
2.81,-1.02398454233011
2.82,-0.92539129111939
2.83,-0.9207446766781
2.84,-0.871957306026145
2.85,-0.752926333332155
2.86,-0.781380439445874
2.87,-0.817506175808084
2.88,-0.774948237865916
2.89,-0.631261014631062
2.9,-0.53443164010834
2.91,-0.512900956114171
2.92,-0.395267097579432
2.93,-0.369463941982732
2.94,-0.317144004503257
2.95,-0.343773563060526
2.96,-0.244293635226034
2.97,-0.158265453652519
2.98,-0.12308554261204
2.99,-0.0303705008728997
3,-0.0537380357211602
3.01,0.159304378063325
3.02,0.0425171305385629
3.03,0.169916997523926
3.04,0.345746733100133
3.05,0.306068756339525
3.06,0.390498988044402
3.07,0.328023382453732
3.08,0.535463977655402
3.09,0.584138703501574
3.1,0.531254601966624
3.11,0.616888269227777
3.12,0.637059880566531
3.13,0.644696351361675
3.14,0.714537191504997
3.15,0.806013996827999
3.16,0.847387172751822
3.17,0.944108513507908
3.18,0.887457465829196
3.19,0.91021160037734
3.2,1.04159390133838
3.21,0.935602796296821
3.22,0.90903729115608
3.23,1.03120198993095
3.24,1.0825814126917
3.25,0.997504927801417
3.26,0.999165218165055
3.27,0.893039853430948
3.28,0.91998100040539
3.29,1.02451104989535
3.3,0.973221706232651
3.31,0.988267857987777
3.32,0.972407142285107
3.33,0.913778359924604
3.34,0.760614745513375
3.35,0.870245108177691
3.36,0.697468641826885
3.37,0.742951497224283
3.38,0.699485407183564
3.39,0.540644539907069
3.4,0.674750915447766
3.41,0.558782800298261
3.42,0.515468652154705
3.43,0.410133853354697
3.44,0.408677987406478
3.45,0.303156321549787
3.46,0.230468473774917
3.47,0.285108518320021
3.48,0.122383381549651
3.49,-0.0137569326270937
3.5,0.07161718325722
3.51,-0.0943953610501852
3.52,-0.16205740673029
3.53,-0.211875885335208
3.54,-0.174713554497038
3.55,-0.302730340750547
3.56,-0.463093450853674
3.57,-0.476108242055476
3.58,-0.437017577274538
3.59,-0.549350559329236
3.6,-0.635495135733104
3.61,-0.699542177307622
3.62,-0.741651503081355
3.63,-0.729989711065227
3.64,-0.863913076354381
3.65,-0.834492142214742
3.66,-0.872992590963815
3.67,-0.921365372307635
3.68,-0.951947267857552
3.69,-0.880873410128043
3.7,-1.0247197661368
3.71,-0.907966360486645
3.72,-1.02140663874267
3.73,-1.02354545964248
3.74,-0.966158491576305
3.75,-1.09220710247737
3.76,-0.943598160671648
3.77,-0.954097785463203
3.78,-0.896838161629886
3.79,-1.05617944418758
3.8,-0.913563192346748
3.81,-0.884637508598298
3.82,-0.835521171808887
3.83,-0.865546665240691
3.84,-0.775848576544751
3.85,-0.899233216817203
3.86,-0.718752353940004
3.87,-0.693768652598289
3.88,-0.609661287066632
3.89,-0.671235342608172
3.9,-0.584085318400425
3.91,-0.545037753841523
3.92,-0.545853060666262
3.93,-0.356299400118865
3.94,-0.458839357761122
3.95,-0.304297779990701
3.96,-0.302149161305441
3.97,-0.106726533776684
3.98,-0.117081840494749
3.99,-0.143053524822304
4,0.0714167262708332
4.01,-0.0286618866351772
4.02,0.0537415832345507
4.03,0.130880844544494
4.04,0.304182302061442
4.05,0.280538184672722
4.06,0.27318930830693
4.07,0.492535213407345
4.08,0.454393236769881
4.09,0.593539155601777
4.1,0.663717184973977
4.11,0.672725557907665
4.12,0.69359591836837
4.13,0.80874639811826
4.14,0.690411936993428
4.15,0.727204852710368
4.16,0.751175791991591
4.17,0.841141525682132
4.18,0.838040204193056
4.19,1.02939220487664
4.2,0.934153556551665
4.21,1.01944983800787
4.22,1.02094995020917
4.23,1.0462435035161
4.24,1.08047874513169
4.25,0.962135953620539
4.26,0.938970142196295
4.27,0.906690464904932
4.28,0.999727387963332
4.29,0.97708048534519
4.3,0.979873679979826
4.31,0.949377537800189
4.32,0.894830998842412
4.33,0.808816716140017
4.34,0.897312072293559
4.35,0.905677060872512
4.36,0.699142531702493
4.37,0.794509302500614
4.38,0.760773666175984
4.39,0.5515140452609
4.4,0.583358321528087
4.41,0.583577753842125
4.42,0.528501055879672
4.43,0.489028347019705
4.44,0.37482056485584
4.45,0.321183673665255
4.46,0.217995105362793
4.47,0.197532444067274
4.48,0.0295537753801178
4.49,0.110144762118732
4.5,0.0667943477509479
4.51,0.00447341236521087
4.52,-0.218709159977003
4.53,-0.104946845834824
4.54,-0.329704851507872
4.55,-0.238835392661575
4.56,-0.363684588785892
4.57,-0.522506000423088
4.58,-0.55591824278127
4.59,-0.517191853945154
4.6,-0.543427778436359
4.61,-0.730018945421638
4.62,-0.749313237850752
4.63,-0.782481300007405
4.64,-0.727510684129732
4.65,-0.75489978332629
4.66,-0.826452029075056
4.67,-0.801718922585034
4.68,-0.914028773772792
4.69,-0.832990676694103
4.7,-0.999064232942837
4.71,-0.930449332652564
4.72,-0.962938490318591
4.73,-1.0362489214748
4.74,-1.04218474588351
4.75,-0.963246457813683
4.76,-0.935770513732424
4.77,-1.07686645719407
4.78,-1.0084127119412
4.79,-0.907335744052713
4.8,-0.859390318418163
4.81,-0.83102951744071
4.82,-0.919712598931473
4.83,-0.889676081778678
4.84,-0.876638812092498
4.85,-0.818083426164607
4.86,-0.716518188129768
4.87,-0.677828571247844
4.88,-0.586068319285748
4.89,-0.696809308457587
4.9,-0.61270185799237
4.91,-0.494092759693096
4.92,-0.54905408470387
4.93,-0.460986881002479
4.94,-0.306322102830721
4.95,-0.365225614834211
4.96,-0.283012269412395
4.97,-0.194981673758536
4.98,-0.154867200219948
4.99,-0.148082607343575
5,0.00103861368627007
5.01,0.0176305132536983
5.02,0.138860321169333
5.03,0.0928835369578143
5.04,0.271433338848878
5.05,0.293739387039696
5.06,0.397183696547376
5.07,0.387002904891123
5.08,0.439910590479978
5.09,0.521929883075085
5.1,0.597840099644794
5.11,0.561916198849591
5.12,0.610632115307194
5.13,0.674726267009806
5.14,0.691897922755376
5.15,0.727624430240611
5.16,0.78204250665054
5.17,0.913005781582372
5.18,0.913123570150682
5.19,0.934057870249311
5.2,1.03941983145396
5.21,0.996083408426185
5.22,1.02599876169917
5.23,0.977003018511002
5.24,0.947698245713616
5.25,1.08719745647925
5.26,1.05845240886285
5.27,1.04444146568598
5.28,0.894637818684702
5.29,1.0499139211484
5.3,0.982182141132066
5.31,1.01936642272334
5.32,0.913875438503925
5.33,0.837370437034382
5.34,0.762031122311947
5.35,0.793323897125471
5.36,0.744019916296802
5.37,0.799474345556302
5.38,0.781331901536484
5.39,0.548194613739271
5.4,0.559212286134485
5.41,0.635640203411481
5.42,0.464757146278555
5.43,0.401908887722869
5.44,0.289040464529401
5.45,0.326939439296752
5.46,0.177954014006311
5.47,0.162696457591581
5.48,0.212603727954472
5.49,0.10286442774279
5.5,-0.0514131718452361
5.51,-0.0143666397280004
5.52,-0.160005682748231
5.53,-0.213389437940778
5.54,-0.250131077940349
5.55,-0.368893311774111
5.56,-0.410611088925498
5.57,-0.467260677198863
5.58,-0.495784952080021
5.59,-0.540204233190412
5.6,-0.501401249664962
5.61,-0.570178042516468
5.62,-0.7265519694185
5.63,-0.637353626734763
5.64,-0.725903575911799
5.65,-0.736055422020275
5.66,-0.83967795670977
5.67,-0.965752939368283
5.68,-0.812823981049994
5.69,-0.895334878844906
5.7,-1.0379631650577
5.71,-0.87275593223039
5.72,-1.0233182445908
5.73,-0.902132932042775
5.74,-1.06334275507294
5.75,-1.09981908022939
5.76,-0.92233564086348
5.77,-0.922007350457799
5.78,-1.01500545152749
5.79,-1.04891714045378
5.8,-0.925432695590935
5.81,-0.949693146539348
5.82,-0.819216566299729
5.83,-0.800185548152373
5.84,-0.820511754166858
5.85,-0.730228842072444
5.86,-0.828702582393823
5.87,-0.777309076745401
5.88,-0.783722130926527
5.89,-0.719333451835483
5.9,-0.568621247646859
5.91,-0.57596424952798
5.92,-0.426666914763137
5.93,-0.39730130654417
5.94,-0.432215245395793
5.95,-0.352348967312022
5.96,-0.321518920164485
5.97,-0.174682213372096
5.98,-0.196481991188681
5.99,0.00842016477426172
6,-0.0939183131102999
6.01,0.13285529207296
6.02,0.071893331466229
6.03,0.238368608230891
6.04,0.159967973731172
6.05,0.350546275108977
6.06,0.304948783081081
6.07,0.524699803562965
6.08,0.4850936147771
6.09,0.543456997697877
6.1,0.542088051417453
6.11,0.613075385838853
6.12,0.686976420483398
6.13,0.732052336457405
6.14,0.764299978530411
6.15,0.739850426012316
6.16,0.78735314160574
6.17,0.905341244642931
6.18,0.926054885712341
6.19,0.866245510870643
6.2,1.02459480754404
6.21,0.974126782045218
6.22,1.07719477665987
6.23,0.949211664760578
6.24,1.08784292861844
6.25,1.02152106211287
6.26,1.05332428985897
6.27,0.904811093336707
6.28,1.0005186545958
6.29,1.04853466777503
6.3,0.953014115096893
6.31,0.936343443018164
6.32,0.964542179698759
6.33,0.907325875717493
6.34,0.8369394906363
6.35,0.820480403917953
6.36,0.819119971520975
6.37,0.731832962901075
6.38,0.608703577627194
6.39,0.591041323840841
6.4,0.672757054802638
6.41,0.553706256248304
6.42,0.489598357849035
6.43,0.513232344503356
6.44,0.319250344343403
6.45,0.391397012694395
6.46,0.260113115061018
6.47,0.235118291964331
6.48,0.162197402379162
6.49,-0.00926830146298745
6.5,0.0946977164637857
6.51,-0.0778825658660159
6.52,-0.210090904426379
6.53,-0.265796076939403
6.54,-0.154241624132902
6.55,-0.294946326527693
6.56,-0.3713595760479
6.57,-0.396781340958169
6.58,-0.538112798869239
6.59,-0.496846210879595
6.6,-0.638633880572257
6.61,-0.610700176947088
6.62,-0.592519677763232
6.63,-0.683684230391384
6.64,-0.676581583503762
6.65,-0.756588814648014
6.66,-0.839308757340168
6.67,-0.886948631100948
6.68,-0.877154657486681
6.69,-0.968348928463223
6.7,-0.962375330636401
6.71,-0.935529172079973
6.72,-0.917831815844085
6.73,-1.02831043906416
6.74,-0.966617720985067
6.75,-0.998919318496142
6.76,-1.0665375221969
6.77,-1.03109939063469
6.78,-1.06126699319442
6.79,-0.894458797406054
6.8,-0.915266383195503
6.81,-0.864401441320726
6.82,-0.815613187670549
6.83,-0.850185897617126
6.84,-0.841647481833064
6.85,-0.797818000359827
6.86,-0.673027048727192
6.87,-0.703588325602773
6.88,-0.614143711152384
6.89,-0.639373865387793
6.9,-0.683793501208472
6.91,-0.587060515672558
6.92,-0.47173866121811
6.93,-0.505465888364402
6.94,-0.373262136063458
6.95,-0.374110760753529
6.96,-0.283613260764182
6.97,-0.265304051867632
6.98,-0.139685931401278
6.99,-0.0189923988757052
7,0.0535233173206533
7.01,0.148227560037107
7.02,0.176724043461731
7.03,0.153880956662958
7.04,0.324801789080448
7.05,0.314138941682066
7.06,0.321592609880773
7.07,0.359422655623629
7.08,0.390755911455979
7.09,0.469981781894355
7.1,0.672940334771849
7.11,0.559148707082764
7.12,0.751376974316395
7.13,0.659331629979183
7.14,0.841688465980195
7.15,0.828730499915946
7.16,0.783881577480624
7.17,0.935812784014011
7.18,0.962304182795202
7.19,0.848893502540304
7.2,0.885346072718849
7.21,0.989145580530607
7.22,0.947306947295153
7.23,0.945571675733919
7.24,1.05588667875054
7.25,1.02332268856207
7.26,1.03531956943409
7.27,1.03160136152008
7.28,1.06869136954219
7.29,0.892620778612354
7.3,0.972433759499314
7.31,0.927750015848483
7.32,0.910767328592822
7.33,0.820680506308648
7.34,0.893964105336566
7.35,0.760647775033667
7.36,0.710336038135686
7.37,0.803273301970437
7.38,0.589984206232259
7.39,0.544692032448709
7.4,0.57538398569188
7.41,0.448964320607145
7.42,0.577630958937661
7.43,0.451559304356387
7.44,0.399390169320041
7.45,0.274598204763905
7.46,0.243789859798428
7.47,0.0906296793286229
7.48,0.0653388626980099
7.49,0.134489466033801
7.5,-0.0864919790419966
7.51,-0.100640807445553
7.52,-0.0600086870087663
7.53,-0.165007631680704
7.54,-0.165769812443788
7.55,-0.232194906743438
7.56,-0.419061945896884
7.57,-0.334138910173384
7.58,-0.491294334129042
7.59,-0.458115166197243
7.6,-0.59481517355441
7.61,-0.620379717488239
7.62,-0.782211303508857
7.63,-0.68328154930365
7.64,-0.78745317247711
7.65,-0.885289497351866
7.66,-0.825076642320889
7.67,-0.975369108137333
7.68,-0.816936096629162
7.69,-0.891494078174466
7.7,-0.996696900859561
7.71,-0.917835694848874
7.72,-0.950620865790035
7.73,-1.03537267614219
7.74,-0.990903826881415
7.75,-1.08795678557672
7.76,-0.96254127346885
7.77,-0.907538080738259
7.78,-0.988959515331768
7.79,-0.994821127631707
7.8,-0.867577730441455
7.81,-1.02746187864301
7.82,-0.818980012085835
7.83,-0.837623171936574
7.84,-0.78008052054061
7.85,-0.737469616284283
7.86,-0.848397864717986
7.87,-0.687968746575166
7.88,-0.674213819682571
7.89,-0.633298431662004
7.9,-0.625038902254444
7.91,-0.603543810912426
7.92,-0.51780811851842
7.93,-0.391565971778332
7.94,-0.363334393620612
7.95,-0.287456902196236
7.96,-0.196626899662574
7.97,-0.254608808462907
7.98,-0.126460894765896
7.99,-0.00985291328989986
8,-0.0398377049477623
8.01,0.130563642316379
8.02,0.161294757043644
8.03,0.153073550489002
8.04,0.256342620349894
8.05,0.376580379390632
8.06,0.316719929513464
8.07,0.329676102754067
8.08,0.503249404881777
8.09,0.543585402183364
8.1,0.533055148109525
8.11,0.721412192183485
8.12,0.771746150235496
8.13,0.726694534129343
8.14,0.810038810431166
8.15,0.812334123939853
8.16,0.801374634607318
8.17,0.778196777030895
8.18,0.863416995539705
8.19,0.963073387207606
8.2,0.882074990153779
8.21,0.913698682187713
8.22,1.05781165632299
8.23,1.01326021345169
8.24,1.02738949023722
8.25,0.913836575889848
8.26,0.94173585780805
8.27,1.04811355685058
8.28,1.00810273967515
8.29,0.882706445751521
8.3,0.982500231315226
8.31,0.933708373094404
8.32,0.994332980166732
8.33,0.780476814194845
8.34,0.890071493339714
8.35,0.788720566437928
8.36,0.807962501783051
8.37,0.643586040491057
8.38,0.736156218570334
8.39,0.547568507954595
8.4,0.616267268109865
8.41,0.535981775985397
8.42,0.487771629092546
8.43,0.473429596967781
8.44,0.32303824359709
8.45,0.256624124348128
8.46,0.300678509731653
8.47,0.279400202709442
8.48,0.0585745056561498
8.49,0.0385092978470658
8.5,-0.0806395238078448
8.51,0.0241219584744293
8.52,-0.0647500603860229
8.53,-0.141340248895192
8.54,-0.189747205787676
8.55,-0.294303069992666
8.56,-0.395786523101602
8.57,-0.493512559943684
8.58,-0.404479557022335
8.59,-0.45542705689784
8.6,-0.536068824192722
8.61,-0.665065564525938
8.62,-0.685302129685619
8.63,-0.697231530248608
8.64,-0.812719886182309
8.65,-0.880405564144456
8.66,-0.882701300875685
8.67,-0.906818420121465
8.68,-0.976919359862652
8.69,-0.986528779941873
8.7,-0.939892178848925
8.71,-1.05834641320642
8.72,-0.998816724915269
8.73,-0.949798668717829
8.74,-0.922172121399173
8.75,-0.979704112093539
8.76,-1.00503231889645
8.77,-0.929030572648122
8.78,-1.01786226845935
8.79,-0.993305273794845
8.8,-1.02345337287156
8.81,-0.899058008494191
8.82,-0.99972865773986
8.83,-0.929569410837658
8.84,-0.74857150142953
8.85,-0.720412705551383
8.86,-0.674300471915387
8.87,-0.815575834276638
8.88,-0.745495612919359
8.89,-0.652742797475739
8.9,-0.58036996651896
8.91,-0.543171365170411
8.92,-0.456571795037967
8.93,-0.425267411610153
8.94,-0.309769142839093
8.95,-0.266946609826242
8.96,-0.234808912043024
8.97,-0.255961558955157
8.98,-0.100212561499711
8.99,0.0223761452268649
9,0.0966394251964952
9.01,0.107425234769997
9.02,0.0628449203904917
9.03,0.259407659585879
9.04,0.174501866483509
9.05,0.357711316552399
9.06,0.277700241526833
9.07,0.455719179526324
9.08,0.393661098108889
9.09,0.619779284416698
9.1,0.522130157357933
9.11,0.555033273279465
9.12,0.645455665099475
9.13,0.763287657392618
9.14,0.711401903385854
9.15,0.903978928495224
9.16,0.752239859183662
9.17,0.874664893328527
9.18,0.93301364494575
9.19,0.910779713046701
9.2,0.86247290796818
9.21,0.994650560113788
9.22,0.925203495857641
9.23,1.01805658420035
9.24,0.976938915441104
9.25,1.05922153950494
9.26,1.07383411681361
9.27,1.04813012578516
9.28,1.02278377001386
9.29,0.952717606472285
9.3,0.979827682619584
9.31,0.845438284651654
9.32,0.880977046677519
9.33,0.863844524774931
9.34,0.825718213741511
9.35,0.763774232046403
9.36,0.716783448181325
9.37,0.776548217305309
9.38,0.760427112928778
9.39,0.691921593450606
9.4,0.494951830807269
9.41,0.546690060836888
9.42,0.49938857226737
9.43,0.375016993738682
9.44,0.34780180531506
9.45,0.370372955117198
9.46,0.209057007793932
9.47,0.185308192754456
9.48,0.181590662616713
9.49,0.0527859144641002
9.5,0.0666480817327047
9.51,-0.027455602568658
9.52,-0.20800742080903
9.53,-0.0912376196243259
9.54,-0.235404203418946
9.55,-0.367481116393483
9.56,-0.449002819100767
9.57,-0.51327499811781
9.58,-0.576597270491673
9.59,-0.569001406594386
9.6,-0.576423932388364
9.61,-0.568236105589657
9.62,-0.65919626156474
9.63,-0.708995905438682
9.64,-0.828386012937995
9.65,-0.858234028014489
9.66,-0.813933183249987
9.67,-0.910523325857042
9.68,-0.900192262443412
9.69,-1.00483317422206
9.7,-0.960517259214397
9.71,-0.870063988995157
9.72,-1.00244148554065
9.73,-1.07973235796315
9.74,-1.03943447723371
9.75,-0.98954563498393
9.76,-0.95000127257546
9.77,-1.02843380194712
9.78,-0.983515615667393
9.79,-0.942849432788702
9.8,-0.900427256180324
9.81,-0.890999019840102
9.82,-0.977450945613152
9.83,-0.794914259108125
9.84,-0.868552607844494
9.85,-0.803092552517894
9.86,-0.672790242457696
9.87,-0.637326764730141
9.88,-0.621017890626079
9.89,-0.652644895611393
9.9,-0.524189945602562
9.91,-0.546927617647979
9.92,-0.505701604618317
9.93,-0.38433225773573
9.94,-0.420341328845656
9.95,-0.373863971847247
9.96,-0.301060533661375
9.97,-0.230662990841917
9.98,-0.217203490817505
9.99,-0.0525071827390808
10,0.0884997965163926
10.01,0.120357841167897
10.02,0.0736196780299558
10.03,0.226576424096431
10.04,0.151741389015383
10.05,0.362726495723871
10.06,0.334503090859363
10.07,0.390245310364738
10.08,0.53484113318862
10.09,0.512659789233994
10.1,0.531510596490476
10.11,0.65008840620162
10.12,0.628673770979072
10.13,0.661496038315843
10.14,0.750441252794396
10.15,0.713095982587551
10.16,0.828981951558924
10.17,0.776961340026178
10.18,0.813799058204851
10.19,0.867601308917476
10.2,0.891323782694535
10.21,0.988653085154532
10.22,0.928631742313882
10.23,1.00542427727209
10.24,1.00817666271372
10.25,0.967601258768743
10.26,1.09601142981563
10.27,0.921786551386759
10.28,1.05254478419276
10.29,1.02601916323407
10.3,0.955916711822867
10.31,0.833544278336895
10.32,0.857517395504935
10.33,0.976024624726849
10.34,0.886436049051383
10.35,0.752635061332848
10.36,0.798835780245943
10.37,0.653182277098764
10.38,0.695883373982926
10.39,0.695017631057408
10.4,0.570685637376021
10.41,0.452559676191217
10.42,0.499175018230947
10.43,0.453632584369977
10.44,0.293155498954245
10.45,0.382069329996003
10.46,0.246246744295396
10.47,0.142584878321365
10.48,0.0876275607544834
10.49,0.0961038608812999
10.5,1.96157582582528e-05
10.51,-0.0739628152335701
10.52,-0.160216731670031
10.53,-0.174196576656926
10.54,-0.345645344147379
10.55,-0.298450284879558
10.56,-0.280959709607892
10.57,-0.429424831245703
10.58,-0.516058543796394
10.59,-0.475210457653028
10.6,-0.659092139252215
10.61,-0.721699439426823
10.62,-0.695465520766035
10.63,-0.735866560186125
10.64,-0.723177515224837
10.65,-0.769209553539208
10.66,-0.837709860109719
10.67,-0.935042043973872
10.68,-0.973433603414181
10.69,-0.949328581935714
10.7,-0.963541342627436
10.71,-0.873570467349828
10.72,-0.8969384122381
10.73,-1.03050187096634
10.74,-0.925510208103683
10.75,-0.987954543754928
10.76,-0.989194272072392
10.77,-0.923658781602303
10.78,-0.924693076798732
10.79,-0.96130891950806
10.8,-1.05069043952073
10.81,-0.955745992561458
10.82,-0.917602891917066
10.83,-0.849666179065625
10.84,-0.914972446193033
10.85,-0.795943587736269
10.86,-0.789889871178987
10.87,-0.818172265717859
10.88,-0.75735016197372
10.89,-0.659322059149379
10.9,-0.596274139392787
10.91,-0.56944458253414
10.92,-0.410287141490723
10.93,-0.404348128470138
10.94,-0.428700886123613
10.95,-0.380312776262697
10.96,-0.195213897000017
10.97,-0.156836692683948
10.98,-0.156877257456994
10.99,-0.151468311389506
11,-0.015927680528326
11.01,0.0549632801044273
11.02,0.132433762274331
11.03,0.253065875781674
11.04,0.348363905545926
11.05,0.285498086133888
11.06,0.306140549038921
11.07,0.524257558321162
11.08,0.517741034727078
11.09,0.622805999694585
11.1,0.615067287417485
11.11,0.66716491412979
11.12,0.66106944946321
11.13,0.63454334863046
11.14,0.789126517892786
11.15,0.855278040313885
11.16,0.874952784239395
11.17,0.788698999173598
11.18,0.835435210373981
11.19,0.980907244347156
11.2,0.950223159980028
11.21,0.945456976961419
11.22,0.939950815172189
11.23,0.929387994200294
11.24,1.08749424393146
11.25,0.979611278052433
11.26,0.925857064653161
11.27,1.0003892336869
11.28,0.888390529745775
11.29,0.978273169905507
11.3,0.930374239787618
11.31,0.981965608890705
11.32,0.837383968871115
11.33,0.869926704163012
11.34,0.863056857280639
11.35,0.726083869732782
11.36,0.769941394640738
11.37,0.784348379034067
11.38,0.61131069041722
11.39,0.677462976775929
11.4,0.653931475181995
11.41,0.538456361765578
11.42,0.382716436119694
11.43,0.397121675433148
11.44,0.462728898285833
11.45,0.237948520060446
11.46,0.303643035645969
11.47,0.159577174357743
11.48,0.0816488637343654
11.49,0.0714724204215139
11.5,-0.0185522815081884
11.51,0.0212702524955967
11.52,-0.153953371924524
11.53,-0.264879467939911
11.54,-0.297673107722635
11.55,-0.377881569986827
11.56,-0.30550237672959
11.57,-0.399851526010174
11.58,-0.449878812359161
11.59,-0.503003274106203
11.6,-0.578329847057336
11.61,-0.680234180751194
11.62,-0.765084474407887
11.63,-0.662724943489821
11.64,-0.807509155481516
11.65,-0.78926028113008
11.66,-0.850574386329888
11.67,-0.844664412281144
11.68,-0.9526270733012
11.69,-0.972870397413204
11.7,-0.91284518904391
11.71,-0.873887443311985
11.72,-1.02577562066925
11.73,-0.921316098800646
11.74,-0.917761132123417
11.75,-0.93244916758939
11.76,-0.947570780154348
11.77,-1.04028844528931
11.78,-0.89285955288915
11.79,-0.899156697516853
11.8,-0.882581577281044
11.81,-0.874345217173076
11.82,-0.91007598647615
11.83,-0.806073574730411
11.84,-0.758491040925099
11.85,-0.904168265063063
11.86,-0.724695781754982
11.87,-0.735704681236618
11.88,-0.66630835282811
11.89,-0.54052444726556
11.9,-0.518383754028386
11.91,-0.440487350126909
11.92,-0.512782632159011
11.93,-0.470306641487567
11.94,-0.40484310423499
11.95,-0.341719228690938
11.96,-0.239069905232434
11.97,-0.230340166397752
11.98,-0.0421613846945343
11.99,-0.0286538601262433
12,0.0570982351182841
12.01,-0.000608404622980785
12.02,0.0535104030942402
12.03,0.09853024461166
12.04,0.272364585129108
12.05,0.327005272249802
12.06,0.343131760355067
12.07,0.330302936545858
12.08,0.413603910362182
12.09,0.537181370806322
12.1,0.645219664165559
12.11,0.689831507760339
12.12,0.771412061816655
12.13,0.788004619065736
12.14,0.761365520851702
12.15,0.777896731100003
12.16,0.770899886142942
12.17,0.888553430301687
12.18,0.846350101992919
12.19,0.853377818179922
12.2,1.00458744900414
12.21,0.960034217685131
12.22,1.02745587130262
12.23,0.913459815212834
12.24,0.985854961702116
12.25,1.01147760191088
12.26,1.0691434649302
12.27,1.07450057229908
12.28,0.952553311073119
12.29,0.943055648522386
12.3,0.871503608687525
12.31,0.961295124008491
12.32,0.848589024177111
12.33,0.949592943173183
12.34,0.823008903330646
12.35,0.799793992606729
12.36,0.706863994586215
12.37,0.642456333263525
12.38,0.741457782757161
12.39,0.697797386308495
12.4,0.580469043232743
12.41,0.606311320791876
12.42,0.506883272814596
12.43,0.361877491334277
12.44,0.274138594576342
12.45,0.234972692601017
12.46,0.21181110643135
12.47,0.233688230196949
12.48,0.179929297072567
12.49,-0.0074957273600727
12.5,0.0591599166941351
12.51,-0.129721463999713
12.52,-0.0819126504263527
12.53,-0.271669947717434
12.54,-0.269916690987794
12.55,-0.245851005688413
12.56,-0.362129498325394
12.57,-0.336308001288519
12.58,-0.518417520651145
12.59,-0.520193713591124
12.6,-0.64973943306048
12.61,-0.658971767203381
12.62,-0.584795849239993
12.63,-0.760230981471784
12.64,-0.688799078861431
12.65,-0.769483726176654
12.66,-0.93837387813584
12.67,-0.880051255603796
12.68,-0.869445965634281
12.69,-0.949279891723221
12.7,-1.02023830954064
12.71,-0.956349585498889
12.72,-0.892422151673287
12.73,-0.900255616590501
12.74,-0.900038568616288
12.75,-0.932797232917638
12.76,-0.967210721003163
12.77,-0.918280113526988
12.78,-0.909532970067826
12.79,-0.916198235820264
12.8,-1.01800298700687
12.81,-1.0138816545147
12.82,-0.903048136607916
12.83,-0.957698627532474
12.84,-0.856756099732463
12.85,-0.846622698154433
12.86,-0.794683067668793
12.87,-0.629850153977239
12.88,-0.610648660049562
12.89,-0.54784267778728
12.9,-0.63692428386808
12.91,-0.626128468494575
12.92,-0.415385935083246
12.93,-0.388034175894051
12.94,-0.348920174295818
12.95,-0.366069036221693
12.96,-0.241656030568365
12.97,-0.27623020316915
12.98,-0.139123372507718
12.99,-0.124642872879785
13,-0.0344449080522321
13.01,0.150321935165535
13.02,0.194806635696882
13.03,0.138778042521145
13.04,0.224130994012157
13.05,0.355719861338307
13.06,0.424569380048918
13.07,0.328106703255445
13.08,0.42609490363168
13.09,0.449241154628396
13.1,0.628916080050135
13.11,0.712610824376397
13.12,0.640043557382045
13.13,0.767529450805792
13.14,0.698315948857408
13.15,0.783970795765598
13.16,0.911503492195739
13.17,0.91545634592311
13.18,0.943806933627379
13.19,1.00044884345992
13.2,0.909974160791679
13.21,0.998776758128905
13.22,0.942012825400962
13.23,1.08105019909201
13.24,1.05418453125987
13.25,1.06500363464306
13.26,1.04526368383997
13.27,1.05084921418576
13.28,0.963318754766744
13.29,0.894705541528823
13.3,0.882967797187605
13.31,0.993105266486905
13.32,0.810937878643139
13.33,0.885104971461551
13.34,0.909027352641103
13.35,0.898696400391317
13.36,0.762566942544124
13.37,0.642868688377274
13.38,0.689027010275901
13.39,0.57659543720372
13.4,0.547527545981623
13.41,0.630969816217757
13.42,0.414816883073003
13.43,0.481249287319954
13.44,0.336400213274631
13.45,0.303837564734957
13.46,0.168737222227167
13.47,0.0994176538886264
13.48,0.197677296505306
13.49,-0.0230351580500919
13.5,0.0765591259737652
13.51,-0.0840225218115782
13.52,-0.137323119506601
13.53,-0.217234906916423
13.54,-0.342219702849901
13.55,-0.263903792175404
13.56,-0.397426605416951
13.57,-0.397567208593467
13.58,-0.427435865017959
13.59,-0.500410678887002
13.6,-0.59061075496916
13.61,-0.574998163596968
13.62,-0.769347762946198
13.63,-0.823302056733193
13.64,-0.783811838608793
13.65,-0.880321384335309
13.66,-0.782720512236176
13.67,-0.975955729314989
13.68,-0.985582744844684
13.69,-0.945441480893627
13.7,-1.0040337202581
13.71,-0.877322926407038
13.72,-1.00798980342529
13.73,-0.993850686343535
13.74,-1.04452488515892
13.75,-0.984743933031891
13.76,-0.994017662978677
13.77,-0.896340885188967
13.78,-0.950139125383417
13.79,-0.899334691609392
13.8,-1.03362779712448
13.81,-0.9452013218244
13.82,-0.996545754890849
13.83,-0.855880292918492
13.84,-0.798038636881992
13.85,-0.772491255750919
13.86,-0.858306853502237
13.87,-0.693668050062961
13.88,-0.723132090164294
13.89,-0.66776527963108
13.9,-0.542485337458823
13.91,-0.614408395215889
13.92,-0.531253862863002
13.93,-0.437993155003464
13.94,-0.35068860638469
13.95,-0.347615680756716
13.96,-0.261596084894902
13.97,-0.225314039318854
13.98,-0.0421394906111908
13.99,-0.0311065914513395
14,-0.0646186910863517
14.01,0.0918113064736568
14.02,0.0323917792828125
14.03,0.243902632753834
14.04,0.149050684215419
14.05,0.285920060070913
14.06,0.402617964175466
14.07,0.333677411630323
14.08,0.468705534252734
14.09,0.470702942997857
14.1,0.604427546221452
14.11,0.575631148559249
14.12,0.661274981543798
14.13,0.80540458353241
14.14,0.670881514902676
14.15,0.845057679996938
14.16,0.800830847164634
14.17,0.940588406482882
14.18,0.863648938756948
14.19,0.90779654394526
14.2,1.04127267823782
14.21,1.03563408317096
14.22,1.06033058497935
14.23,1.07863250078496
14.24,0.923898851837534
14.25,0.969657245340637
14.26,1.04074880038382
14.27,1.0171445411208
14.28,1.04901099888286
14.29,0.912683938900801
14.3,0.914920622089293
14.31,0.873653699825935
14.32,0.81043412034641
14.33,0.912348636518066
14.34,0.801557712938691
14.35,0.715175149968893
14.36,0.727403427990508
14.37,0.65160738320294
14.38,0.598871791016097
14.39,0.653627060486251
14.4,0.489977456929875
14.41,0.604527054620414
14.42,0.394966032288025
14.43,0.422598699219561
14.44,0.300605095396451
14.45,0.293408634863284
14.46,0.321301883764667
14.47,0.218663338667159
14.48,0.217827942415328
14.49,0.0419425265643494
14.5,-0.0176140856601596
14.51,-0.00693752964469067
14.52,-0.044922965015091
14.53,-0.15351899808269
14.54,-0.314414760859051
14.55,-0.345060503093588
14.56,-0.413883373918663
14.57,-0.479619844406336
14.58,-0.441255283863233
14.59,-0.573932707003736
14.6,-0.493011367304241
14.61,-0.564936775408962
14.62,-0.660592481416797
14.63,-0.653079259149372
14.64,-0.809090417610122
14.65,-0.783777837512086
14.66,-0.817531280811769
14.67,-0.916067191344508
14.68,-0.88823627503315
14.69,-1.00824123885282
14.7,-0.891374816712584
14.71,-0.893555799759678
14.72,-0.952753314314607
14.73,-1.08110086134145
14.74,-0.910314345466311
14.75,-1.08840772144862
14.76,-1.04819773280507
14.77,-1.01709112322249
14.78,-0.999581393108033
14.79,-1.03554631704201
14.8,-0.862661744793322
14.81,-1.00416781467708
14.82,-0.853749286335094
14.83,-0.848275594785692
14.84,-0.883004832905323
14.85,-0.885873216672797
14.86,-0.679403569596149
14.87,-0.664139034630293
14.88,-0.754107628477887
14.89,-0.658845935789307
14.9,-0.595232699939195
14.91,-0.488263144688768
14.92,-0.406622962065231
14.93,-0.331010813249612
14.94,-0.323349111684407
14.95,-0.284434083375241
14.96,-0.180271329390204
14.97,-0.211772915088552
14.98,-0.04559688320969
14.99,-0.00503834793874267
15,0.0817596132052481
15.01,0.0470725607540339
15.02,0.0394505879467748
15.03,0.268885839932116
15.04,0.271237644466486
15.05,0.359084629535228
15.06,0.384205221772963
15.07,0.524683776191178
15.08,0.414927156790921
15.09,0.577591378121196
15.1,0.521125827511369
15.11,0.553290170329518
15.12,0.711362536147542
15.13,0.739264776340543
15.14,0.824967968995106
15.15,0.719993497525648
15.16,0.753656414635189
15.17,0.892808658544946
15.18,0.957176002843105
15.19,0.866828559507317
15.2,0.958249404636769
15.21,0.983322430849299
15.22,1.00327502426086
15.23,0.900273017253141
15.24,0.952051287134749
15.25,0.9357897641275
15.26,1.00357236741823
15.27,1.0391297561626
15.28,1.06581386786008
15.29,0.874702849863808
15.3,1.01590012994093
15.31,0.999255327727445
15.32,0.898754184903724
15.33,0.850370425176603
15.34,0.759455262506477
15.35,0.743008408730999
15.36,0.804906165266373
15.37,0.746994476277487
15.38,0.718104769476585
15.39,0.627475921061058
15.4,0.646174113116674
15.41,0.52698642517479
15.42,0.560646688651381
15.43,0.340290593860552
15.44,0.395211603266752
15.45,0.370741338259815
15.46,0.21290955202072
15.47,0.19459564649628
15.48,0.198549225155435
15.49,0.0696337472347646
15.5,0.0587224268131307
15.51,-0.0455438848695722
15.52,-0.0490318322467423
15.53,-0.198746052197252
15.54,-0.330057107468195
15.55,-0.22311775286367
15.56,-0.384410061828767
15.57,-0.420438780740081
15.58,-0.443564954999661
15.59,-0.624895330239366
15.6,-0.619703338013698
15.61,-0.578866246614167
15.62,-0.783238083847918
15.63,-0.818128245239095
15.64,-0.81569849185719
15.65,-0.837521232516022
15.66,-0.788116589105667
15.67,-0.938537683101219
15.68,-0.923531132937319
15.69,-0.890985549784444
15.7,-0.885160426797277
15.71,-0.959348106758771
15.72,-0.899819415970369
15.73,-0.908588971111953
15.74,-0.974318328243439
15.75,-0.917905670808762
15.76,-0.919254499708346
15.77,-1.02305613624755
15.78,-0.883010181842852
15.79,-0.890530167842884
15.8,-0.978293357252877
15.81,-0.873197171364505
15.82,-0.939162348603362
15.83,-0.944965184118277
15.84,-0.79643121092867
15.85,-0.782669654379506
15.86,-0.750532515349502
15.87,-0.780856231017407
15.88,-0.728077754644562
15.89,-0.577676646085391
15.9,-0.570396262940254
15.91,-0.575476239755523
15.92,-0.52253133139655
15.93,-0.480738205684291
15.94,-0.367036200272348
15.95,-0.296009668163138
15.96,-0.334910717665763
15.97,-0.254600699392008
15.98,-0.1232294775374
15.99,-0.0544826680971068
16,0.00200718431335805
16.01,-0.0128261588892577
16.02,0.0564831407905199
16.03,0.16921059748473
16.04,0.287420554438654
16.05,0.365171333363161
16.06,0.395397226661161
16.07,0.442140325122587
16.08,0.576700377457372
16.09,0.541754442115913
16.1,0.545459418407934
16.11,0.576665730158732
16.12,0.62762169849666
16.13,0.716501309074985
16.14,0.783903186920533
16.15,0.892133691454437
16.16,0.807547407592396
16.17,0.832511298273411
16.18,0.928606820822961
16.19,0.873865448432354
16.2,0.885460005122131
16.21,0.871866674568854
16.22,0.985553993027531
16.23,0.892597935623411
16.24,1.00922721729411
16.25,1.01114685231857
16.26,0.912773172796026
16.27,0.971496547602969
16.28,1.03672806990019
16.29,0.983090264897778
16.3,0.931670343167989
16.31,0.934440886691838
16.32,0.883324255326004
16.33,0.789711701273971
16.34,0.900031702814981
16.35,0.861878973170249
16.36,0.784219187295235
16.37,0.751861155443688
16.38,0.702321183915186
16.39,0.660749703412521
16.4,0.535740716330104
16.41,0.594043535282838
16.42,0.522883014791218
16.43,0.473354558162883
16.44,0.295808107064654
16.45,0.210115046796065
16.46,0.296393401272847
16.47,0.249538651437411
16.48,0.138277536843602
16.49,-0.0260730762124225
16.5,-0.0353807187925901
16.51,0.023932421103542
16.52,-0.0547816643794892
16.53,-0.150026774221679
16.54,-0.31524234166759
16.55,-0.273084135583324
16.56,-0.452210780324393
16.57,-0.413578538668105
16.58,-0.489945309625228
16.59,-0.502813291954241
16.6,-0.600962363759974
16.61,-0.731283414561223
16.62,-0.696065371354083
16.63,-0.735555325605798
16.64,-0.868436368859098
16.65,-0.790306933123062
16.66,-0.884001735475748
16.67,-0.81111985823197
16.68,-0.821643574576501
16.69,-0.976305881415626
16.7,-0.991853112195886
16.71,-1.05008843476489
16.72,-0.937120888310064
16.73,-0.948622646418793
16.74,-0.973853109197764
16.75,-1.02477699239956
16.76,-0.971892409342759
16.77,-0.988657351014062
16.78,-0.952246002888568
16.79,-0.894332315737767
16.8,-0.984852679122105
16.81,-0.918267508162177
16.82,-0.999104268468062
16.83,-0.932133577430495
16.84,-0.787210237377613
16.85,-0.850836165433633
16.86,-0.85907657358507
16.87,-0.689188463018775
16.88,-0.656880488338042
16.89,-0.60788214767773
16.9,-0.511264639096857
16.91,-0.603012691320283
16.92,-0.448419989243912
16.93,-0.449139157648267
16.94,-0.329479006146607
16.95,-0.348182366287987
16.96,-0.218763449801729
16.97,-0.21547426652269
16.98,-0.0427596813413326
16.99,-0.0850360204536745
17,0.0356043715697912
17.01,0.113323275020797
17.02,0.0652120029710202
17.03,0.223044713665137
17.04,0.30689003503236
17.05,0.354259455696057
17.06,0.303163824429559
17.07,0.346422509737677
17.08,0.545262758584861
17.09,0.631845996083241
17.1,0.638122057754673
17.11,0.71937215877514
17.12,0.70625010482179
17.13,0.720808901123801
17.14,0.679695945195815
17.15,0.828950557880961
17.16,0.900612712563974
17.17,0.939917152906961
17.18,0.849443528719267
17.19,0.976357177844663
17.2,0.986568334489909
17.21,1.06300278992984
17.22,0.964607321137851
17.23,0.902360078597319
17.24,0.961080837445246
17.25,0.962951716469938
17.26,0.996574043000821
17.27,0.903240827167499
17.28,0.901283809989711
17.29,0.916398816699288
17.3,1.00754370313839
17.31,1.0035425674834
17.32,0.929623862887997
17.33,0.842811354777664
17.34,0.798577513669975
17.35,0.715411788450767
17.36,0.844379734748997
17.37,0.678497980196338
17.38,0.781631467443785
17.39,0.562941266418811
17.4,0.594375942181938
17.41,0.511546151778279
17.42,0.538508013459466
17.43,0.508597358019833
17.44,0.340349476891736
17.45,0.391225810405321
17.46,0.172514231264396
17.47,0.0943468526193306
17.48,0.206234579347233
17.49,0.148938695215652
17.5,0.0179992394584789
17.51,-0.151500905584722
17.52,-0.0489013329945023
17.53,-0.117478196248405
17.54,-0.234941942845228
17.55,-0.316899889242087
17.56,-0.454603552973281
17.57,-0.449136663314265
17.58,-0.433673209202735
17.59,-0.53136129290316
17.6,-0.588433399837488
17.61,-0.571384232116339
17.62,-0.781191863450104
17.63,-0.776156913720922
17.64,-0.84213301775667
17.65,-0.902422883956502
17.66,-0.88646516071011
17.67,-0.797533446368621
17.68,-0.972206157474646
17.69,-0.831980751843257
17.7,-1.02479604007644
17.71,-0.975123245664806
17.72,-1.00825538073124
17.73,-0.960602374659458
17.74,-0.92331374401472
17.75,-1.04102488700749
17.76,-1.04346171942006
17.77,-1.07593650018791
17.78,-1.04501808482322
17.79,-0.916581290594833
17.8,-0.869134712508819
17.81,-0.900851905325415
17.82,-0.901337191213819
17.83,-0.83598767035938
17.84,-0.935313085595227
17.85,-0.730966720130256
17.86,-0.735989290713605
17.87,-0.795994026131582
17.88,-0.684034209303333
17.89,-0.631060099865003
17.9,-0.562984744540258
17.91,-0.442913095512557
17.92,-0.467918835299816
17.93,-0.410244900908176
17.94,-0.280626995633547
17.95,-0.396704951785498
17.96,-0.216890559839826
17.97,-0.267501693855726
17.98,-0.103599460485418
17.99,-0.00192006296632516
18,-0.0935369258352187
18.01,0.0671771098089584
18.02,0.0848628237190326
18.03,0.21951094788825
18.04,0.268233358421127
18.05,0.221326769732506
18.06,0.446357315060863
18.07,0.516446117852245
18.08,0.417928915377678
18.09,0.450535844554776
18.1,0.685391600447045
18.11,0.623005183433185
18.12,0.736343586350599
18.13,0.813601835676597
18.14,0.844936392506478
18.15,0.901689916817127
18.16,0.803679984050164
18.17,0.918314419569621
18.18,0.985046609882901
18.19,1.00461662102174
18.2,1.01677677933317
18.21,0.875625045580874
18.22,1.06351441200542
18.23,1.01770120221413
18.24,1.01254594390054
18.25,1.04763739241037
18.26,0.999671034426402
18.27,1.06508002097131
18.28,0.910334924606043
18.29,1.00001035239073
18.3,0.96965526798069
18.31,0.932449811572773
18.32,0.853751035363206
18.33,0.971007805106159
18.34,0.927570785480263
18.35,0.839418904468383
18.36,0.692613611650291
18.37,0.73189392230345
18.38,0.680757625792241
18.39,0.551058364429663
18.4,0.565553881117136
18.41,0.596867438161308
18.42,0.539084801507386
18.43,0.349774737127473
18.44,0.350519831358641
18.45,0.368630346498671
18.46,0.199233899278598
18.47,0.204877182192819
18.48,0.0326799191792635
18.49,0.0991165448356733
18.5,0.0653639849974601
18.51,-0.0228083932459951
18.52,-0.154978834399704
18.53,-0.189551832968231
18.54,-0.291864482602853
18.55,-0.3558228855136
18.56,-0.315139261067479
18.57,-0.408903425463524
18.58,-0.474042381723285
18.59,-0.437691838996584
18.6,-0.533953655262549
18.61,-0.620204374199073
18.62,-0.626376454151204
18.63,-0.719183656138625
18.64,-0.855229256606992
18.65,-0.814153687442811
18.66,-0.774382426300171
18.67,-0.89569080746073
18.68,-0.957467538487493
18.69,-0.921478777475197
18.7,-0.977275075750626
18.71,-0.916878857872788
18.72,-0.928479861249619
18.73,-1.02285302672345
18.74,-0.904536145381958
18.75,-1.02883857594864
18.76,-1.05938783994391
18.77,-1.07390352636942
18.78,-1.01964028606717
18.79,-0.876914402585464
18.8,-0.923363660096584
18.81,-0.988148483872876
18.82,-0.938202621675857
18.83,-0.907703542181795
18.84,-0.765359337606789
18.85,-0.808184985751939
18.86,-0.758068555165949
18.87,-0.6710997175797
18.88,-0.714361443101958
18.89,-0.693387984366757
18.9,-0.523218816207906
18.91,-0.620618406592974
18.92,-0.56531653849735
18.93,-0.463836061098869
18.94,-0.297025436463682
18.95,-0.314157526844621
18.96,-0.283842459416401
18.97,-0.195372551468264
18.98,-0.0904983118175441
18.99,-0.0479781455185442
19,0.0685650471894188
19.01,-0.0220451749785852
19.02,0.0773032113668292
19.03,0.22489312795005
19.04,0.235189741861007
19.05,0.273762289022974
19.06,0.277338961889912
19.07,0.387849910046622
19.08,0.46707822066997
19.09,0.55894117058103
19.1,0.536388183180083
19.11,0.70636730969544
19.12,0.761106583546672
19.13,0.814619854436306
19.14,0.78303999352668
19.15,0.769614131348832
19.16,0.898357288465303
19.17,0.877750719522275
19.18,0.927344084392378
19.19,0.967091769536189
19.2,0.867837604694466
19.21,1.01140471139973
19.22,0.941963044590048
19.23,0.93875297697031
19.24,0.96151555919325
19.25,0.956403663431431
19.26,0.948139474515841
19.27,0.916823629997367
19.28,1.01591607606317
19.29,0.924261313541298
19.3,0.90057018302854
19.31,0.943529980844932
19.32,0.815096598223223
19.33,0.940939854887378
19.34,0.751717014898326
19.35,0.762451138524273
19.36,0.730951216351502
19.37,0.761429535727938
19.38,0.709698600888858
19.39,0.679892123944322
19.4,0.542952169234059
19.41,0.635043757848808
19.42,0.441842931908328
19.43,0.426032364540859
19.44,0.294589025654114
19.45,0.388528974395653
19.46,0.196278187354499
19.47,0.100799335736202
19.48,0.0984580062941982
19.49,0.160591632327608
19.5,-0.0575950890406585
19.51,-0.105283592239473
19.52,-0.124415370779233
19.53,-0.161267647784543
19.54,-0.270053226881235
19.55,-0.273024889984469
19.56,-0.442117846966363
19.57,-0.51173165462188
19.58,-0.572676940220129
19.59,-0.525041203232724
19.6,-0.5096220149182
19.61,-0.620265242413658
19.62,-0.67823791745484
19.63,-0.70016059103301
19.64,-0.789011908367304
19.65,-0.856742055930506
19.66,-0.822485869995298
19.67,-0.84974941938193
19.68,-0.852972524343076
19.69,-0.982997670238972
19.7,-0.993311448454535
19.71,-1.06404359430534
19.72,-1.02399981939181
19.73,-1.02129817859687
19.74,-0.968100666146563
19.75,-0.978479659887236
19.76,-0.946793143709013
19.77,-0.915241991012245
19.78,-0.903186712421287
19.79,-1.05296794095974
19.8,-0.945882289118039
19.81,-1.0207474008101
19.82,-0.845504530888538
19.83,-0.913340457644647
19.84,-0.897226457191986
19.85,-0.855529479937651
19.86,-0.842036477991444
19.87,-0.790198210962009
19.88,-0.617869993718255
19.89,-0.58840313684542
19.9,-0.539014344769722
19.91,-0.582638331124887
19.92,-0.559070008931142
19.93,-0.515983149004038
19.94,-0.412900637075351
19.95,-0.27754506205516
19.96,-0.223349689854936
19.97,-0.172559711062505
19.98,-0.185261564890098
19.99,-0.0809157108058432
20,-0.0431372559344459
